Copper,Nickel,Chloramphenicol,Ampicillin,Metaldehyde,Atrazine,Tebuconazole,Azoxystrobin,Dest.Column,Dest.Row,plate,Isolate
0,0,0,0,0,0,0,0,1,A,1,KUE4_10
1,0,0,0,0,0,0,0,1,B,1,KUE4_10
0,1,0,0,0,0,0,0,1,C,1,KUE4_10
0,0,1,0,0,0,0,0,1,D,1,KUE4_10
0,0,0,1,0,0,0,0,1,E,1,KUE4_10
0,0,0,0,1,0,0,0,1,F,1,KUE4_10
0,0,0,0,0,1,0,0,1,G,1,KUE4_10
0,0,0,0,0,0,1,0,1,H,1,KUE4_10
0,0,0,0,0,0,0,1,2,A,1,KUE4_10
1,1,0,0,0,0,0,0,2,B,1,KUE4_10
1,0,1,0,0,0,0,0,2,C,1,KUE4_10
1,0,0,1,0,0,0,0,2,D,1,KUE4_10
1,0,0,0,1,0,0,0,2,E,1,KUE4_10
1,0,0,0,0,1,0,0,2,F,1,KUE4_10
1,0,0,0,0,0,1,0,2,G,1,KUE4_10
1,0,0,0,0,0,0,1,2,H,1,KUE4_10
0,1,1,0,0,0,0,0,3,A,1,KUE4_10
0,1,0,1,0,0,0,0,3,B,1,KUE4_10
0,1,0,0,1,0,0,0,3,C,1,KUE4_10
0,1,0,0,0,1,0,0,3,D,1,KUE4_10
0,1,0,0,0,0,1,0,3,E,1,KUE4_10
0,1,0,0,0,0,0,1,3,F,1,KUE4_10
0,0,1,1,0,0,0,0,3,G,1,KUE4_10
0,0,1,0,1,0,0,0,3,H,1,KUE4_10
0,0,1,0,0,1,0,0,4,A,1,KUE4_10
0,0,1,0,0,0,1,0,4,B,1,KUE4_10
0,0,1,0,0,0,0,1,4,C,1,KUE4_10
0,0,0,1,1,0,0,0,4,D,1,KUE4_10
0,0,0,1,0,1,0,0,4,E,1,KUE4_10
0,0,0,1,0,0,1,0,4,F,1,KUE4_10
0,0,0,1,0,0,0,1,4,G,1,KUE4_10
0,0,0,0,1,1,0,0,4,H,1,KUE4_10
0,0,0,0,1,0,1,0,5,A,1,KUE4_10
0,0,0,0,1,0,0,1,5,B,1,KUE4_10
0,0,0,0,0,1,1,0,5,C,1,KUE4_10
0,0,0,0,0,1,0,1,5,D,1,KUE4_10
0,0,0,0,0,0,1,1,5,E,1,KUE4_10
1,1,1,0,0,0,0,0,5,F,1,KUE4_10
1,1,0,1,0,0,0,0,5,G,1,KUE4_10
1,1,0,0,1,0,0,0,5,H,1,KUE4_10
1,1,0,0,0,1,0,0,6,A,1,KUE4_10
1,1,0,0,0,0,1,0,6,B,1,KUE4_10
1,1,0,0,0,0,0,1,6,C,1,KUE4_10
1,0,1,1,0,0,0,0,6,D,1,KUE4_10
1,0,1,0,1,0,0,0,6,E,1,KUE4_10
1,0,1,0,0,1,0,0,6,F,1,KUE4_10
1,0,1,0,0,0,1,0,6,G,1,KUE4_10
1,0,1,0,0,0,0,1,6,H,1,KUE4_10
1,0,0,1,1,0,0,0,7,A,1,KUE4_10
1,0,0,1,0,1,0,0,7,B,1,KUE4_10
1,0,0,1,0,0,1,0,7,C,1,KUE4_10
1,0,0,1,0,0,0,1,7,D,1,KUE4_10
1,0,0,0,1,1,0,0,7,E,1,KUE4_10
1,0,0,0,1,0,1,0,7,F,1,KUE4_10
1,0,0,0,1,0,0,1,7,G,1,KUE4_10
1,0,0,0,0,1,1,0,7,H,1,KUE4_10
1,0,0,0,0,1,0,1,8,A,1,KUE4_10
1,0,0,0,0,0,1,1,8,B,1,KUE4_10
0,1,1,1,0,0,0,0,8,C,1,KUE4_10
0,1,1,0,1,0,0,0,8,D,1,KUE4_10
0,1,1,0,0,1,0,0,8,E,1,KUE4_10
0,1,1,0,0,0,1,0,8,F,1,KUE4_10
0,1,1,0,0,0,0,1,8,G,1,KUE4_10
0,1,0,1,1,0,0,0,8,H,1,KUE4_10
0,1,0,1,0,1,0,0,9,A,1,KUE4_10
0,1,0,1,0,0,1,0,9,B,1,KUE4_10
0,1,0,1,0,0,0,1,9,C,1,KUE4_10
0,1,0,0,1,1,0,0,9,D,1,KUE4_10
0,1,0,0,1,0,1,0,9,E,1,KUE4_10
0,1,0,0,1,0,0,1,9,F,1,KUE4_10
0,1,0,0,0,1,1,0,9,G,1,KUE4_10
0,1,0,0,0,1,0,1,9,H,1,KUE4_10
0,1,0,0,0,0,1,1,10,A,1,KUE4_10
0,0,1,1,1,0,0,0,10,B,1,KUE4_10
0,0,1,1,0,1,0,0,10,C,1,KUE4_10
0,0,1,1,0,0,1,0,10,D,1,KUE4_10
0,0,1,1,0,0,0,1,10,E,1,KUE4_10
0,0,1,0,1,1,0,0,10,F,1,KUE4_10
0,0,1,0,1,0,1,0,10,G,1,KUE4_10
0,0,1,0,1,0,0,1,10,H,1,KUE4_10
0,0,1,0,0,1,1,0,11,A,1,KUE4_10
0,0,1,0,0,1,0,1,11,B,1,KUE4_10
0,0,1,0,0,0,1,1,11,C,1,KUE4_10
0,0,0,1,1,1,0,0,11,D,1,KUE4_10
0,0,0,1,1,0,1,0,11,E,1,KUE4_10
0,0,0,1,1,0,0,1,11,F,1,KUE4_10
0,0,0,1,0,1,1,0,11,G,1,KUE4_10
0,0,0,1,0,1,0,1,11,H,1,KUE4_10
0,0,0,1,0,0,1,1,12,A,1,KUE4_10
0,0,0,0,1,1,1,0,12,B,1,KUE4_10
0,0,0,0,1,1,0,1,12,C,1,KUE4_10
0,0,0,0,1,0,1,1,12,D,1,KUE4_10
0,0,0,0,0,1,1,1,12,E,1,KUE4_10
1,1,1,1,0,0,0,0,12,F,1,KUE4_10
1,1,1,0,1,0,0,0,12,G,1,KUE4_10
1,1,1,0,0,1,0,0,12,H,1,KUE4_10
1,1,1,0,0,0,1,0,1,A,2,KUE4_10
1,1,1,0,0,0,0,1,1,B,2,KUE4_10
1,1,0,1,1,0,0,0,1,C,2,KUE4_10
1,1,0,1,0,1,0,0,1,D,2,KUE4_10
1,1,0,1,0,0,1,0,1,E,2,KUE4_10
1,1,0,1,0,0,0,1,1,F,2,KUE4_10
1,1,0,0,1,1,0,0,1,G,2,KUE4_10
1,1,0,0,1,0,1,0,1,H,2,KUE4_10
1,1,0,0,1,0,0,1,2,A,2,KUE4_10
1,1,0,0,0,1,1,0,2,B,2,KUE4_10
1,1,0,0,0,1,0,1,2,C,2,KUE4_10
1,1,0,0,0,0,1,1,2,D,2,KUE4_10
1,0,1,1,1,0,0,0,2,E,2,KUE4_10
1,0,1,1,0,1,0,0,2,F,2,KUE4_10
1,0,1,1,0,0,1,0,2,G,2,KUE4_10
1,0,1,1,0,0,0,1,2,H,2,KUE4_10
1,0,1,0,1,1,0,0,3,A,2,KUE4_10
1,0,1,0,1,0,1,0,3,B,2,KUE4_10
1,0,1,0,1,0,0,1,3,C,2,KUE4_10
1,0,1,0,0,1,1,0,3,D,2,KUE4_10
1,0,1,0,0,1,0,1,3,E,2,KUE4_10
1,0,1,0,0,0,1,1,3,F,2,KUE4_10
1,0,0,1,1,1,0,0,3,G,2,KUE4_10
1,0,0,1,1,0,1,0,3,H,2,KUE4_10
1,0,0,1,1,0,0,1,4,A,2,KUE4_10
1,0,0,1,0,1,1,0,4,B,2,KUE4_10
1,0,0,1,0,1,0,1,4,C,2,KUE4_10
1,0,0,1,0,0,1,1,4,D,2,KUE4_10
1,0,0,0,1,1,1,0,4,E,2,KUE4_10
1,0,0,0,1,1,0,1,4,F,2,KUE4_10
1,0,0,0,1,0,1,1,4,G,2,KUE4_10
1,0,0,0,0,1,1,1,4,H,2,KUE4_10
0,1,1,1,1,0,0,0,5,A,2,KUE4_10
0,1,1,1,0,1,0,0,5,B,2,KUE4_10
0,1,1,1,0,0,1,0,5,C,2,KUE4_10
0,1,1,1,0,0,0,1,5,D,2,KUE4_10
0,1,1,0,1,1,0,0,5,E,2,KUE4_10
0,1,1,0,1,0,1,0,5,F,2,KUE4_10
0,1,1,0,1,0,0,1,5,G,2,KUE4_10
0,1,1,0,0,1,1,0,5,H,2,KUE4_10
0,1,1,0,0,1,0,1,6,A,2,KUE4_10
0,1,1,0,0,0,1,1,6,B,2,KUE4_10
0,1,0,1,1,1,0,0,6,C,2,KUE4_10
0,1,0,1,1,0,1,0,6,D,2,KUE4_10
0,1,0,1,1,0,0,1,6,E,2,KUE4_10
0,1,0,1,0,1,1,0,6,F,2,KUE4_10
0,1,0,1,0,1,0,1,6,G,2,KUE4_10
0,1,0,1,0,0,1,1,6,H,2,KUE4_10
0,1,0,0,1,1,1,0,7,A,2,KUE4_10
0,1,0,0,1,1,0,1,7,B,2,KUE4_10
0,1,0,0,1,0,1,1,7,C,2,KUE4_10
0,1,0,0,0,1,1,1,7,D,2,KUE4_10
0,0,1,1,1,1,0,0,7,E,2,KUE4_10
0,0,1,1,1,0,1,0,7,F,2,KUE4_10
0,0,1,1,1,0,0,1,7,G,2,KUE4_10
0,0,1,1,0,1,1,0,7,H,2,KUE4_10
0,0,1,1,0,1,0,1,8,A,2,KUE4_10
0,0,1,1,0,0,1,1,8,B,2,KUE4_10
0,0,1,0,1,1,1,0,8,C,2,KUE4_10
0,0,1,0,1,1,0,1,8,D,2,KUE4_10
0,0,1,0,1,0,1,1,8,E,2,KUE4_10
0,0,1,0,0,1,1,1,8,F,2,KUE4_10
0,0,0,1,1,1,1,0,8,G,2,KUE4_10
0,0,0,1,1,1,0,1,8,H,2,KUE4_10
0,0,0,1,1,0,1,1,9,A,2,KUE4_10
0,0,0,1,0,1,1,1,9,B,2,KUE4_10
0,0,0,0,1,1,1,1,9,C,2,KUE4_10
1,1,1,1,1,0,0,0,9,D,2,KUE4_10
1,1,1,1,0,1,0,0,9,E,2,KUE4_10
1,1,1,1,0,0,1,0,9,F,2,KUE4_10
1,1,1,1,0,0,0,1,9,G,2,KUE4_10
1,1,1,0,1,1,0,0,9,H,2,KUE4_10
1,1,1,0,1,0,1,0,10,A,2,KUE4_10
1,1,1,0,1,0,0,1,10,B,2,KUE4_10
1,1,1,0,0,1,1,0,10,C,2,KUE4_10
1,1,1,0,0,1,0,1,10,D,2,KUE4_10
1,1,1,0,0,0,1,1,10,E,2,KUE4_10
1,1,0,1,1,1,0,0,10,F,2,KUE4_10
1,1,0,1,1,0,1,0,10,G,2,KUE4_10
1,1,0,1,1,0,0,1,10,H,2,KUE4_10
1,1,0,1,0,1,1,0,11,A,2,KUE4_10
1,1,0,1,0,1,0,1,11,B,2,KUE4_10
1,1,0,1,0,0,1,1,11,C,2,KUE4_10
1,1,0,0,1,1,1,0,11,D,2,KUE4_10
1,1,0,0,1,1,0,1,11,E,2,KUE4_10
1,1,0,0,1,0,1,1,11,F,2,KUE4_10
1,1,0,0,0,1,1,1,11,G,2,KUE4_10
1,0,1,1,1,1,0,0,11,H,2,KUE4_10
1,0,1,1,1,0,1,0,12,A,2,KUE4_10
1,0,1,1,1,0,0,1,12,B,2,KUE4_10
1,0,1,1,0,1,1,0,12,C,2,KUE4_10
1,0,1,1,0,1,0,1,12,D,2,KUE4_10
1,0,1,1,0,0,1,1,12,E,2,KUE4_10
1,0,1,0,1,1,1,0,12,F,2,KUE4_10
1,0,1,0,1,1,0,1,12,G,2,KUE4_10
1,0,1,0,1,0,1,1,12,H,2,KUE4_10
1,0,1,0,0,1,1,1,1,A,3,KUE4_10
1,0,0,1,1,1,1,0,1,B,3,KUE4_10
1,0,0,1,1,1,0,1,1,C,3,KUE4_10
1,0,0,1,1,0,1,1,1,D,3,KUE4_10
1,0,0,1,0,1,1,1,1,E,3,KUE4_10
1,0,0,0,1,1,1,1,1,F,3,KUE4_10
0,1,1,1,1,1,0,0,1,G,3,KUE4_10
0,1,1,1,1,0,1,0,1,H,3,KUE4_10
0,1,1,1,1,0,0,1,2,A,3,KUE4_10
0,1,1,1,0,1,1,0,2,B,3,KUE4_10
0,1,1,1,0,1,0,1,2,C,3,KUE4_10
0,1,1,1,0,0,1,1,2,D,3,KUE4_10
0,1,1,0,1,1,1,0,2,E,3,KUE4_10
0,1,1,0,1,1,0,1,2,F,3,KUE4_10
0,1,1,0,1,0,1,1,2,G,3,KUE4_10
0,1,1,0,0,1,1,1,2,H,3,KUE4_10
0,1,0,1,1,1,1,0,3,A,3,KUE4_10
0,1,0,1,1,1,0,1,3,B,3,KUE4_10
0,1,0,1,1,0,1,1,3,C,3,KUE4_10
0,1,0,1,0,1,1,1,3,D,3,KUE4_10
0,1,0,0,1,1,1,1,3,E,3,KUE4_10
0,0,1,1,1,1,1,0,3,F,3,KUE4_10
0,0,1,1,1,1,0,1,3,G,3,KUE4_10
0,0,1,1,1,0,1,1,3,H,3,KUE4_10
0,0,1,1,0,1,1,1,4,A,3,KUE4_10
0,0,1,0,1,1,1,1,4,B,3,KUE4_10
0,0,0,1,1,1,1,1,4,C,3,KUE4_10
1,1,1,1,1,1,0,0,4,D,3,KUE4_10
1,1,1,1,1,0,1,0,4,E,3,KUE4_10
1,1,1,1,1,0,0,1,4,F,3,KUE4_10
1,1,1,1,0,1,1,0,4,G,3,KUE4_10
1,1,1,1,0,1,0,1,4,H,3,KUE4_10
1,1,1,1,0,0,1,1,5,A,3,KUE4_10
1,1,1,0,1,1,1,0,5,B,3,KUE4_10
1,1,1,0,1,1,0,1,5,C,3,KUE4_10
1,1,1,0,1,0,1,1,5,D,3,KUE4_10
1,1,1,0,0,1,1,1,5,E,3,KUE4_10
1,1,0,1,1,1,1,0,5,F,3,KUE4_10
1,1,0,1,1,1,0,1,5,G,3,KUE4_10
1,1,0,1,1,0,1,1,5,H,3,KUE4_10
1,1,0,1,0,1,1,1,6,A,3,KUE4_10
1,1,0,0,1,1,1,1,6,B,3,KUE4_10
1,0,1,1,1,1,1,0,6,C,3,KUE4_10
1,0,1,1,1,1,0,1,6,D,3,KUE4_10
1,0,1,1,1,0,1,1,6,E,3,KUE4_10
1,0,1,1,0,1,1,1,6,F,3,KUE4_10
1,0,1,0,1,1,1,1,6,G,3,KUE4_10
1,0,0,1,1,1,1,1,6,H,3,KUE4_10
0,1,1,1,1,1,1,0,7,A,3,KUE4_10
0,1,1,1,1,1,0,1,7,B,3,KUE4_10
0,1,1,1,1,0,1,1,7,C,3,KUE4_10
0,1,1,1,0,1,1,1,7,D,3,KUE4_10
0,1,1,0,1,1,1,1,7,E,3,KUE4_10
0,1,0,1,1,1,1,1,7,F,3,KUE4_10
0,0,1,1,1,1,1,1,7,G,3,KUE4_10
1,1,1,1,1,1,1,0,7,H,3,KUE4_10
1,1,1,1,1,1,0,1,8,A,3,KUE4_10
1,1,1,1,1,0,1,1,8,B,3,KUE4_10
1,1,1,1,0,1,1,1,8,C,3,KUE4_10
1,1,1,0,1,1,1,1,8,D,3,KUE4_10
1,1,0,1,1,1,1,1,8,E,3,KUE4_10
1,0,1,1,1,1,1,1,8,F,3,KUE4_10
0,1,1,1,1,1,1,1,8,G,3,KUE4_10
1,1,1,1,1,1,1,1,8,H,3,KUE4_10
0,0,0,0,0,0,0,0,9,A,3,KUE4_10
0,0,0,0,0,0,0,0,9,B,3,KUE4_10
0,0,0,0,0,0,0,0,9,C,3,KUE4_10
0,0,0,0,0,0,0,0,9,D,3,KUE4_10
0,0,0,0,0,0,0,0,9,E,3,KUE4_10
0,0,0,0,0,0,0,0,9,F,3,KUE4_10
0,0,0,0,0,0,0,0,9,G,3,KUE4_10
0,0,0,0,0,0,0,0,9,H,3,KUE4_10
0,0,0,0,0,0,0,0,10,A,3,KUE4_10
0,0,0,0,0,0,0,0,10,B,3,KUE4_10
0,0,0,0,0,0,0,0,10,C,3,KUE4_10
0,0,0,0,0,0,0,0,10,D,3,KUE4_10
0,0,0,0,0,0,0,0,10,E,3,KUE4_10
0,0,0,0,0,0,0,0,10,F,3,KUE4_10
0,0,0,0,0,0,0,0,10,G,3,KUE4_10
0,0,0,0,0,0,0,0,10,H,3,KUE4_10
0,0,0,0,0,0,0,0,11,A,3,KUE4_10
0,0,0,0,0,0,0,0,11,B,3,KUE4_10
0,0,0,0,0,0,0,0,11,C,3,KUE4_10
0,0,0,0,0,0,0,0,11,D,3,KUE4_10
0,0,0,0,0,0,0,0,11,E,3,KUE4_10
0,0,0,0,0,0,0,0,11,F,3,KUE4_10
0,0,0,0,0,0,0,0,11,G,3,KUE4_10
0,0,0,0,0,0,0,0,11,H,3,KUE4_10
0,0,0,0,0,0,0,0,12,A,3,KUE4_10
0,0,0,0,0,0,0,0,12,B,3,KUE4_10
0,0,0,0,0,0,0,0,12,C,3,KUE4_10
0,0,0,0,0,0,0,0,12,D,3,KUE4_10
0,0,0,0,0,0,0,0,12,E,3,KUE4_10
0,0,0,0,0,0,0,0,12,F,3,KUE4_10
0,0,0,0,0,0,0,0,12,G,3,KUE4_10
0,0,0,0,0,0,0,0,12,H,3,KUE4_10
0,0,0,0,0,0,0,0,1,A,4,NUE1_1
1,0,0,0,0,0,0,0,1,B,4,NUE1_1
0,1,0,0,0,0,0,0,1,C,4,NUE1_1
0,0,1,0,0,0,0,0,1,D,4,NUE1_1
0,0,0,1,0,0,0,0,1,E,4,NUE1_1
0,0,0,0,1,0,0,0,1,F,4,NUE1_1
0,0,0,0,0,1,0,0,1,G,4,NUE1_1
0,0,0,0,0,0,1,0,1,H,4,NUE1_1
0,0,0,0,0,0,0,1,2,A,4,NUE1_1
1,1,0,0,0,0,0,0,2,B,4,NUE1_1
1,0,1,0,0,0,0,0,2,C,4,NUE1_1
1,0,0,1,0,0,0,0,2,D,4,NUE1_1
1,0,0,0,1,0,0,0,2,E,4,NUE1_1
1,0,0,0,0,1,0,0,2,F,4,NUE1_1
1,0,0,0,0,0,1,0,2,G,4,NUE1_1
1,0,0,0,0,0,0,1,2,H,4,NUE1_1
0,1,1,0,0,0,0,0,3,A,4,NUE1_1
0,1,0,1,0,0,0,0,3,B,4,NUE1_1
0,1,0,0,1,0,0,0,3,C,4,NUE1_1
0,1,0,0,0,1,0,0,3,D,4,NUE1_1
0,1,0,0,0,0,1,0,3,E,4,NUE1_1
0,1,0,0,0,0,0,1,3,F,4,NUE1_1
0,0,1,1,0,0,0,0,3,G,4,NUE1_1
0,0,1,0,1,0,0,0,3,H,4,NUE1_1
0,0,1,0,0,1,0,0,4,A,4,NUE1_1
0,0,1,0,0,0,1,0,4,B,4,NUE1_1
0,0,1,0,0,0,0,1,4,C,4,NUE1_1
0,0,0,1,1,0,0,0,4,D,4,NUE1_1
0,0,0,1,0,1,0,0,4,E,4,NUE1_1
0,0,0,1,0,0,1,0,4,F,4,NUE1_1
0,0,0,1,0,0,0,1,4,G,4,NUE1_1
0,0,0,0,1,1,0,0,4,H,4,NUE1_1
0,0,0,0,1,0,1,0,5,A,4,NUE1_1
0,0,0,0,1,0,0,1,5,B,4,NUE1_1
0,0,0,0,0,1,1,0,5,C,4,NUE1_1
0,0,0,0,0,1,0,1,5,D,4,NUE1_1
0,0,0,0,0,0,1,1,5,E,4,NUE1_1
1,1,1,0,0,0,0,0,5,F,4,NUE1_1
1,1,0,1,0,0,0,0,5,G,4,NUE1_1
1,1,0,0,1,0,0,0,5,H,4,NUE1_1
1,1,0,0,0,1,0,0,6,A,4,NUE1_1
1,1,0,0,0,0,1,0,6,B,4,NUE1_1
1,1,0,0,0,0,0,1,6,C,4,NUE1_1
1,0,1,1,0,0,0,0,6,D,4,NUE1_1
1,0,1,0,1,0,0,0,6,E,4,NUE1_1
1,0,1,0,0,1,0,0,6,F,4,NUE1_1
1,0,1,0,0,0,1,0,6,G,4,NUE1_1
1,0,1,0,0,0,0,1,6,H,4,NUE1_1
1,0,0,1,1,0,0,0,7,A,4,NUE1_1
1,0,0,1,0,1,0,0,7,B,4,NUE1_1
1,0,0,1,0,0,1,0,7,C,4,NUE1_1
1,0,0,1,0,0,0,1,7,D,4,NUE1_1
1,0,0,0,1,1,0,0,7,E,4,NUE1_1
1,0,0,0,1,0,1,0,7,F,4,NUE1_1
1,0,0,0,1,0,0,1,7,G,4,NUE1_1
1,0,0,0,0,1,1,0,7,H,4,NUE1_1
1,0,0,0,0,1,0,1,8,A,4,NUE1_1
1,0,0,0,0,0,1,1,8,B,4,NUE1_1
0,1,1,1,0,0,0,0,8,C,4,NUE1_1
0,1,1,0,1,0,0,0,8,D,4,NUE1_1
0,1,1,0,0,1,0,0,8,E,4,NUE1_1
0,1,1,0,0,0,1,0,8,F,4,NUE1_1
0,1,1,0,0,0,0,1,8,G,4,NUE1_1
0,1,0,1,1,0,0,0,8,H,4,NUE1_1
0,1,0,1,0,1,0,0,9,A,4,NUE1_1
0,1,0,1,0,0,1,0,9,B,4,NUE1_1
0,1,0,1,0,0,0,1,9,C,4,NUE1_1
0,1,0,0,1,1,0,0,9,D,4,NUE1_1
0,1,0,0,1,0,1,0,9,E,4,NUE1_1
0,1,0,0,1,0,0,1,9,F,4,NUE1_1
0,1,0,0,0,1,1,0,9,G,4,NUE1_1
0,1,0,0,0,1,0,1,9,H,4,NUE1_1
0,1,0,0,0,0,1,1,10,A,4,NUE1_1
0,0,1,1,1,0,0,0,10,B,4,NUE1_1
0,0,1,1,0,1,0,0,10,C,4,NUE1_1
0,0,1,1,0,0,1,0,10,D,4,NUE1_1
0,0,1,1,0,0,0,1,10,E,4,NUE1_1
0,0,1,0,1,1,0,0,10,F,4,NUE1_1
0,0,1,0,1,0,1,0,10,G,4,NUE1_1
0,0,1,0,1,0,0,1,10,H,4,NUE1_1
0,0,1,0,0,1,1,0,11,A,4,NUE1_1
0,0,1,0,0,1,0,1,11,B,4,NUE1_1
0,0,1,0,0,0,1,1,11,C,4,NUE1_1
0,0,0,1,1,1,0,0,11,D,4,NUE1_1
0,0,0,1,1,0,1,0,11,E,4,NUE1_1
0,0,0,1,1,0,0,1,11,F,4,NUE1_1
0,0,0,1,0,1,1,0,11,G,4,NUE1_1
0,0,0,1,0,1,0,1,11,H,4,NUE1_1
0,0,0,1,0,0,1,1,12,A,4,NUE1_1
0,0,0,0,1,1,1,0,12,B,4,NUE1_1
0,0,0,0,1,1,0,1,12,C,4,NUE1_1
0,0,0,0,1,0,1,1,12,D,4,NUE1_1
0,0,0,0,0,1,1,1,12,E,4,NUE1_1
1,1,1,1,0,0,0,0,12,F,4,NUE1_1
1,1,1,0,1,0,0,0,12,G,4,NUE1_1
1,1,1,0,0,1,0,0,12,H,4,NUE1_1
1,1,1,0,0,0,1,0,1,A,5,NUE1_1
1,1,1,0,0,0,0,1,1,B,5,NUE1_1
1,1,0,1,1,0,0,0,1,C,5,NUE1_1
1,1,0,1,0,1,0,0,1,D,5,NUE1_1
1,1,0,1,0,0,1,0,1,E,5,NUE1_1
1,1,0,1,0,0,0,1,1,F,5,NUE1_1
1,1,0,0,1,1,0,0,1,G,5,NUE1_1
1,1,0,0,1,0,1,0,1,H,5,NUE1_1
1,1,0,0,1,0,0,1,2,A,5,NUE1_1
1,1,0,0,0,1,1,0,2,B,5,NUE1_1
1,1,0,0,0,1,0,1,2,C,5,NUE1_1
1,1,0,0,0,0,1,1,2,D,5,NUE1_1
1,0,1,1,1,0,0,0,2,E,5,NUE1_1
1,0,1,1,0,1,0,0,2,F,5,NUE1_1
1,0,1,1,0,0,1,0,2,G,5,NUE1_1
1,0,1,1,0,0,0,1,2,H,5,NUE1_1
1,0,1,0,1,1,0,0,3,A,5,NUE1_1
1,0,1,0,1,0,1,0,3,B,5,NUE1_1
1,0,1,0,1,0,0,1,3,C,5,NUE1_1
1,0,1,0,0,1,1,0,3,D,5,NUE1_1
1,0,1,0,0,1,0,1,3,E,5,NUE1_1
1,0,1,0,0,0,1,1,3,F,5,NUE1_1
1,0,0,1,1,1,0,0,3,G,5,NUE1_1
1,0,0,1,1,0,1,0,3,H,5,NUE1_1
1,0,0,1,1,0,0,1,4,A,5,NUE1_1
1,0,0,1,0,1,1,0,4,B,5,NUE1_1
1,0,0,1,0,1,0,1,4,C,5,NUE1_1
1,0,0,1,0,0,1,1,4,D,5,NUE1_1
1,0,0,0,1,1,1,0,4,E,5,NUE1_1
1,0,0,0,1,1,0,1,4,F,5,NUE1_1
1,0,0,0,1,0,1,1,4,G,5,NUE1_1
1,0,0,0,0,1,1,1,4,H,5,NUE1_1
0,1,1,1,1,0,0,0,5,A,5,NUE1_1
0,1,1,1,0,1,0,0,5,B,5,NUE1_1
0,1,1,1,0,0,1,0,5,C,5,NUE1_1
0,1,1,1,0,0,0,1,5,D,5,NUE1_1
0,1,1,0,1,1,0,0,5,E,5,NUE1_1
0,1,1,0,1,0,1,0,5,F,5,NUE1_1
0,1,1,0,1,0,0,1,5,G,5,NUE1_1
0,1,1,0,0,1,1,0,5,H,5,NUE1_1
0,1,1,0,0,1,0,1,6,A,5,NUE1_1
0,1,1,0,0,0,1,1,6,B,5,NUE1_1
0,1,0,1,1,1,0,0,6,C,5,NUE1_1
0,1,0,1,1,0,1,0,6,D,5,NUE1_1
0,1,0,1,1,0,0,1,6,E,5,NUE1_1
0,1,0,1,0,1,1,0,6,F,5,NUE1_1
0,1,0,1,0,1,0,1,6,G,5,NUE1_1
0,1,0,1,0,0,1,1,6,H,5,NUE1_1
0,1,0,0,1,1,1,0,7,A,5,NUE1_1
0,1,0,0,1,1,0,1,7,B,5,NUE1_1
0,1,0,0,1,0,1,1,7,C,5,NUE1_1
0,1,0,0,0,1,1,1,7,D,5,NUE1_1
0,0,1,1,1,1,0,0,7,E,5,NUE1_1
0,0,1,1,1,0,1,0,7,F,5,NUE1_1
0,0,1,1,1,0,0,1,7,G,5,NUE1_1
0,0,1,1,0,1,1,0,7,H,5,NUE1_1
0,0,1,1,0,1,0,1,8,A,5,NUE1_1
0,0,1,1,0,0,1,1,8,B,5,NUE1_1
0,0,1,0,1,1,1,0,8,C,5,NUE1_1
0,0,1,0,1,1,0,1,8,D,5,NUE1_1
0,0,1,0,1,0,1,1,8,E,5,NUE1_1
0,0,1,0,0,1,1,1,8,F,5,NUE1_1
0,0,0,1,1,1,1,0,8,G,5,NUE1_1
0,0,0,1,1,1,0,1,8,H,5,NUE1_1
0,0,0,1,1,0,1,1,9,A,5,NUE1_1
0,0,0,1,0,1,1,1,9,B,5,NUE1_1
0,0,0,0,1,1,1,1,9,C,5,NUE1_1
1,1,1,1,1,0,0,0,9,D,5,NUE1_1
1,1,1,1,0,1,0,0,9,E,5,NUE1_1
1,1,1,1,0,0,1,0,9,F,5,NUE1_1
1,1,1,1,0,0,0,1,9,G,5,NUE1_1
1,1,1,0,1,1,0,0,9,H,5,NUE1_1
1,1,1,0,1,0,1,0,10,A,5,NUE1_1
1,1,1,0,1,0,0,1,10,B,5,NUE1_1
1,1,1,0,0,1,1,0,10,C,5,NUE1_1
1,1,1,0,0,1,0,1,10,D,5,NUE1_1
1,1,1,0,0,0,1,1,10,E,5,NUE1_1
1,1,0,1,1,1,0,0,10,F,5,NUE1_1
1,1,0,1,1,0,1,0,10,G,5,NUE1_1
1,1,0,1,1,0,0,1,10,H,5,NUE1_1
1,1,0,1,0,1,1,0,11,A,5,NUE1_1
1,1,0,1,0,1,0,1,11,B,5,NUE1_1
1,1,0,1,0,0,1,1,11,C,5,NUE1_1
1,1,0,0,1,1,1,0,11,D,5,NUE1_1
1,1,0,0,1,1,0,1,11,E,5,NUE1_1
1,1,0,0,1,0,1,1,11,F,5,NUE1_1
1,1,0,0,0,1,1,1,11,G,5,NUE1_1
1,0,1,1,1,1,0,0,11,H,5,NUE1_1
1,0,1,1,1,0,1,0,12,A,5,NUE1_1
1,0,1,1,1,0,0,1,12,B,5,NUE1_1
1,0,1,1,0,1,1,0,12,C,5,NUE1_1
1,0,1,1,0,1,0,1,12,D,5,NUE1_1
1,0,1,1,0,0,1,1,12,E,5,NUE1_1
1,0,1,0,1,1,1,0,12,F,5,NUE1_1
1,0,1,0,1,1,0,1,12,G,5,NUE1_1
1,0,1,0,1,0,1,1,12,H,5,NUE1_1
1,0,1,0,0,1,1,1,1,A,6,NUE1_1
1,0,0,1,1,1,1,0,1,B,6,NUE1_1
1,0,0,1,1,1,0,1,1,C,6,NUE1_1
1,0,0,1,1,0,1,1,1,D,6,NUE1_1
1,0,0,1,0,1,1,1,1,E,6,NUE1_1
1,0,0,0,1,1,1,1,1,F,6,NUE1_1
0,1,1,1,1,1,0,0,1,G,6,NUE1_1
0,1,1,1,1,0,1,0,1,H,6,NUE1_1
0,1,1,1,1,0,0,1,2,A,6,NUE1_1
0,1,1,1,0,1,1,0,2,B,6,NUE1_1
0,1,1,1,0,1,0,1,2,C,6,NUE1_1
0,1,1,1,0,0,1,1,2,D,6,NUE1_1
0,1,1,0,1,1,1,0,2,E,6,NUE1_1
0,1,1,0,1,1,0,1,2,F,6,NUE1_1
0,1,1,0,1,0,1,1,2,G,6,NUE1_1
0,1,1,0,0,1,1,1,2,H,6,NUE1_1
0,1,0,1,1,1,1,0,3,A,6,NUE1_1
0,1,0,1,1,1,0,1,3,B,6,NUE1_1
0,1,0,1,1,0,1,1,3,C,6,NUE1_1
0,1,0,1,0,1,1,1,3,D,6,NUE1_1
0,1,0,0,1,1,1,1,3,E,6,NUE1_1
0,0,1,1,1,1,1,0,3,F,6,NUE1_1
0,0,1,1,1,1,0,1,3,G,6,NUE1_1
0,0,1,1,1,0,1,1,3,H,6,NUE1_1
0,0,1,1,0,1,1,1,4,A,6,NUE1_1
0,0,1,0,1,1,1,1,4,B,6,NUE1_1
0,0,0,1,1,1,1,1,4,C,6,NUE1_1
1,1,1,1,1,1,0,0,4,D,6,NUE1_1
1,1,1,1,1,0,1,0,4,E,6,NUE1_1
1,1,1,1,1,0,0,1,4,F,6,NUE1_1
1,1,1,1,0,1,1,0,4,G,6,NUE1_1
1,1,1,1,0,1,0,1,4,H,6,NUE1_1
1,1,1,1,0,0,1,1,5,A,6,NUE1_1
1,1,1,0,1,1,1,0,5,B,6,NUE1_1
1,1,1,0,1,1,0,1,5,C,6,NUE1_1
1,1,1,0,1,0,1,1,5,D,6,NUE1_1
1,1,1,0,0,1,1,1,5,E,6,NUE1_1
1,1,0,1,1,1,1,0,5,F,6,NUE1_1
1,1,0,1,1,1,0,1,5,G,6,NUE1_1
1,1,0,1,1,0,1,1,5,H,6,NUE1_1
1,1,0,1,0,1,1,1,6,A,6,NUE1_1
1,1,0,0,1,1,1,1,6,B,6,NUE1_1
1,0,1,1,1,1,1,0,6,C,6,NUE1_1
1,0,1,1,1,1,0,1,6,D,6,NUE1_1
1,0,1,1,1,0,1,1,6,E,6,NUE1_1
1,0,1,1,0,1,1,1,6,F,6,NUE1_1
1,0,1,0,1,1,1,1,6,G,6,NUE1_1
1,0,0,1,1,1,1,1,6,H,6,NUE1_1
0,1,1,1,1,1,1,0,7,A,6,NUE1_1
0,1,1,1,1,1,0,1,7,B,6,NUE1_1
0,1,1,1,1,0,1,1,7,C,6,NUE1_1
0,1,1,1,0,1,1,1,7,D,6,NUE1_1
0,1,1,0,1,1,1,1,7,E,6,NUE1_1
0,1,0,1,1,1,1,1,7,F,6,NUE1_1
0,0,1,1,1,1,1,1,7,G,6,NUE1_1
1,1,1,1,1,1,1,0,7,H,6,NUE1_1
1,1,1,1,1,1,0,1,8,A,6,NUE1_1
1,1,1,1,1,0,1,1,8,B,6,NUE1_1
1,1,1,1,0,1,1,1,8,C,6,NUE1_1
1,1,1,0,1,1,1,1,8,D,6,NUE1_1
1,1,0,1,1,1,1,1,8,E,6,NUE1_1
1,0,1,1,1,1,1,1,8,F,6,NUE1_1
0,1,1,1,1,1,1,1,8,G,6,NUE1_1
1,1,1,1,1,1,1,1,8,H,6,NUE1_1
0,0,0,0,0,0,0,0,9,A,6,NUE1_1
0,0,0,0,0,0,0,0,9,B,6,NUE1_1
0,0,0,0,0,0,0,0,9,C,6,NUE1_1
0,0,0,0,0,0,0,0,9,D,6,NUE1_1
0,0,0,0,0,0,0,0,9,E,6,NUE1_1
0,0,0,0,0,0,0,0,9,F,6,NUE1_1
0,0,0,0,0,0,0,0,9,G,6,NUE1_1
0,0,0,0,0,0,0,0,9,H,6,NUE1_1
0,0,0,0,0,0,0,0,10,A,6,NUE1_1
0,0,0,0,0,0,0,0,10,B,6,NUE1_1
0,0,0,0,0,0,0,0,10,C,6,NUE1_1
0,0,0,0,0,0,0,0,10,D,6,NUE1_1
0,0,0,0,0,0,0,0,10,E,6,NUE1_1
0,0,0,0,0,0,0,0,10,F,6,NUE1_1
0,0,0,0,0,0,0,0,10,G,6,NUE1_1
0,0,0,0,0,0,0,0,10,H,6,NUE1_1
0,0,0,0,0,0,0,0,11,A,6,NUE1_1
0,0,0,0,0,0,0,0,11,B,6,NUE1_1
0,0,0,0,0,0,0,0,11,C,6,NUE1_1
0,0,0,0,0,0,0,0,11,D,6,NUE1_1
0,0,0,0,0,0,0,0,11,E,6,NUE1_1
0,0,0,0,0,0,0,0,11,F,6,NUE1_1
0,0,0,0,0,0,0,0,11,G,6,NUE1_1
0,0,0,0,0,0,0,0,11,H,6,NUE1_1
0,0,0,0,0,0,0,0,12,A,6,NUE1_1
0,0,0,0,0,0,0,0,12,B,6,NUE1_1
0,0,0,0,0,0,0,0,12,C,6,NUE1_1
0,0,0,0,0,0,0,0,12,D,6,NUE1_1
0,0,0,0,0,0,0,0,12,E,6,NUE1_1
0,0,0,0,0,0,0,0,12,F,6,NUE1_1
0,0,0,0,0,0,0,0,12,G,6,NUE1_1
0,0,0,0,0,0,0,0,12,H,6,NUE1_1
0,0,0,0,0,0,0,0,1,A,7,LUF4_5
1,0,0,0,0,0,0,0,1,B,7,LUF4_5
0,1,0,0,0,0,0,0,1,C,7,LUF4_5
0,0,1,0,0,0,0,0,1,D,7,LUF4_5
0,0,0,1,0,0,0,0,1,E,7,LUF4_5
0,0,0,0,1,0,0,0,1,F,7,LUF4_5
0,0,0,0,0,1,0,0,1,G,7,LUF4_5
0,0,0,0,0,0,1,0,1,H,7,LUF4_5
0,0,0,0,0,0,0,1,2,A,7,LUF4_5
1,1,0,0,0,0,0,0,2,B,7,LUF4_5
1,0,1,0,0,0,0,0,2,C,7,LUF4_5
1,0,0,1,0,0,0,0,2,D,7,LUF4_5
1,0,0,0,1,0,0,0,2,E,7,LUF4_5
1,0,0,0,0,1,0,0,2,F,7,LUF4_5
1,0,0,0,0,0,1,0,2,G,7,LUF4_5
1,0,0,0,0,0,0,1,2,H,7,LUF4_5
0,1,1,0,0,0,0,0,3,A,7,LUF4_5
0,1,0,1,0,0,0,0,3,B,7,LUF4_5
0,1,0,0,1,0,0,0,3,C,7,LUF4_5
0,1,0,0,0,1,0,0,3,D,7,LUF4_5
0,1,0,0,0,0,1,0,3,E,7,LUF4_5
0,1,0,0,0,0,0,1,3,F,7,LUF4_5
0,0,1,1,0,0,0,0,3,G,7,LUF4_5
0,0,1,0,1,0,0,0,3,H,7,LUF4_5
0,0,1,0,0,1,0,0,4,A,7,LUF4_5
0,0,1,0,0,0,1,0,4,B,7,LUF4_5
0,0,1,0,0,0,0,1,4,C,7,LUF4_5
0,0,0,1,1,0,0,0,4,D,7,LUF4_5
0,0,0,1,0,1,0,0,4,E,7,LUF4_5
0,0,0,1,0,0,1,0,4,F,7,LUF4_5
0,0,0,1,0,0,0,1,4,G,7,LUF4_5
0,0,0,0,1,1,0,0,4,H,7,LUF4_5
0,0,0,0,1,0,1,0,5,A,7,LUF4_5
0,0,0,0,1,0,0,1,5,B,7,LUF4_5
0,0,0,0,0,1,1,0,5,C,7,LUF4_5
0,0,0,0,0,1,0,1,5,D,7,LUF4_5
0,0,0,0,0,0,1,1,5,E,7,LUF4_5
1,1,1,0,0,0,0,0,5,F,7,LUF4_5
1,1,0,1,0,0,0,0,5,G,7,LUF4_5
1,1,0,0,1,0,0,0,5,H,7,LUF4_5
1,1,0,0,0,1,0,0,6,A,7,LUF4_5
1,1,0,0,0,0,1,0,6,B,7,LUF4_5
1,1,0,0,0,0,0,1,6,C,7,LUF4_5
1,0,1,1,0,0,0,0,6,D,7,LUF4_5
1,0,1,0,1,0,0,0,6,E,7,LUF4_5
1,0,1,0,0,1,0,0,6,F,7,LUF4_5
1,0,1,0,0,0,1,0,6,G,7,LUF4_5
1,0,1,0,0,0,0,1,6,H,7,LUF4_5
1,0,0,1,1,0,0,0,7,A,7,LUF4_5
1,0,0,1,0,1,0,0,7,B,7,LUF4_5
1,0,0,1,0,0,1,0,7,C,7,LUF4_5
1,0,0,1,0,0,0,1,7,D,7,LUF4_5
1,0,0,0,1,1,0,0,7,E,7,LUF4_5
1,0,0,0,1,0,1,0,7,F,7,LUF4_5
1,0,0,0,1,0,0,1,7,G,7,LUF4_5
1,0,0,0,0,1,1,0,7,H,7,LUF4_5
1,0,0,0,0,1,0,1,8,A,7,LUF4_5
1,0,0,0,0,0,1,1,8,B,7,LUF4_5
0,1,1,1,0,0,0,0,8,C,7,LUF4_5
0,1,1,0,1,0,0,0,8,D,7,LUF4_5
0,1,1,0,0,1,0,0,8,E,7,LUF4_5
0,1,1,0,0,0,1,0,8,F,7,LUF4_5
0,1,1,0,0,0,0,1,8,G,7,LUF4_5
0,1,0,1,1,0,0,0,8,H,7,LUF4_5
0,1,0,1,0,1,0,0,9,A,7,LUF4_5
0,1,0,1,0,0,1,0,9,B,7,LUF4_5
0,1,0,1,0,0,0,1,9,C,7,LUF4_5
0,1,0,0,1,1,0,0,9,D,7,LUF4_5
0,1,0,0,1,0,1,0,9,E,7,LUF4_5
0,1,0,0,1,0,0,1,9,F,7,LUF4_5
0,1,0,0,0,1,1,0,9,G,7,LUF4_5
0,1,0,0,0,1,0,1,9,H,7,LUF4_5
0,1,0,0,0,0,1,1,10,A,7,LUF4_5
0,0,1,1,1,0,0,0,10,B,7,LUF4_5
0,0,1,1,0,1,0,0,10,C,7,LUF4_5
0,0,1,1,0,0,1,0,10,D,7,LUF4_5
0,0,1,1,0,0,0,1,10,E,7,LUF4_5
0,0,1,0,1,1,0,0,10,F,7,LUF4_5
0,0,1,0,1,0,1,0,10,G,7,LUF4_5
0,0,1,0,1,0,0,1,10,H,7,LUF4_5
0,0,1,0,0,1,1,0,11,A,7,LUF4_5
0,0,1,0,0,1,0,1,11,B,7,LUF4_5
0,0,1,0,0,0,1,1,11,C,7,LUF4_5
0,0,0,1,1,1,0,0,11,D,7,LUF4_5
0,0,0,1,1,0,1,0,11,E,7,LUF4_5
0,0,0,1,1,0,0,1,11,F,7,LUF4_5
0,0,0,1,0,1,1,0,11,G,7,LUF4_5
0,0,0,1,0,1,0,1,11,H,7,LUF4_5
0,0,0,1,0,0,1,1,12,A,7,LUF4_5
0,0,0,0,1,1,1,0,12,B,7,LUF4_5
0,0,0,0,1,1,0,1,12,C,7,LUF4_5
0,0,0,0,1,0,1,1,12,D,7,LUF4_5
0,0,0,0,0,1,1,1,12,E,7,LUF4_5
1,1,1,1,0,0,0,0,12,F,7,LUF4_5
1,1,1,0,1,0,0,0,12,G,7,LUF4_5
1,1,1,0,0,1,0,0,12,H,7,LUF4_5
1,1,1,0,0,0,1,0,1,A,8,LUF4_5
1,1,1,0,0,0,0,1,1,B,8,LUF4_5
1,1,0,1,1,0,0,0,1,C,8,LUF4_5
1,1,0,1,0,1,0,0,1,D,8,LUF4_5
1,1,0,1,0,0,1,0,1,E,8,LUF4_5
1,1,0,1,0,0,0,1,1,F,8,LUF4_5
1,1,0,0,1,1,0,0,1,G,8,LUF4_5
1,1,0,0,1,0,1,0,1,H,8,LUF4_5
1,1,0,0,1,0,0,1,2,A,8,LUF4_5
1,1,0,0,0,1,1,0,2,B,8,LUF4_5
1,1,0,0,0,1,0,1,2,C,8,LUF4_5
1,1,0,0,0,0,1,1,2,D,8,LUF4_5
1,0,1,1,1,0,0,0,2,E,8,LUF4_5
1,0,1,1,0,1,0,0,2,F,8,LUF4_5
1,0,1,1,0,0,1,0,2,G,8,LUF4_5
1,0,1,1,0,0,0,1,2,H,8,LUF4_5
1,0,1,0,1,1,0,0,3,A,8,LUF4_5
1,0,1,0,1,0,1,0,3,B,8,LUF4_5
1,0,1,0,1,0,0,1,3,C,8,LUF4_5
1,0,1,0,0,1,1,0,3,D,8,LUF4_5
1,0,1,0,0,1,0,1,3,E,8,LUF4_5
1,0,1,0,0,0,1,1,3,F,8,LUF4_5
1,0,0,1,1,1,0,0,3,G,8,LUF4_5
1,0,0,1,1,0,1,0,3,H,8,LUF4_5
1,0,0,1,1,0,0,1,4,A,8,LUF4_5
1,0,0,1,0,1,1,0,4,B,8,LUF4_5
1,0,0,1,0,1,0,1,4,C,8,LUF4_5
1,0,0,1,0,0,1,1,4,D,8,LUF4_5
1,0,0,0,1,1,1,0,4,E,8,LUF4_5
1,0,0,0,1,1,0,1,4,F,8,LUF4_5
1,0,0,0,1,0,1,1,4,G,8,LUF4_5
1,0,0,0,0,1,1,1,4,H,8,LUF4_5
0,1,1,1,1,0,0,0,5,A,8,LUF4_5
0,1,1,1,0,1,0,0,5,B,8,LUF4_5
0,1,1,1,0,0,1,0,5,C,8,LUF4_5
0,1,1,1,0,0,0,1,5,D,8,LUF4_5
0,1,1,0,1,1,0,0,5,E,8,LUF4_5
0,1,1,0,1,0,1,0,5,F,8,LUF4_5
0,1,1,0,1,0,0,1,5,G,8,LUF4_5
0,1,1,0,0,1,1,0,5,H,8,LUF4_5
0,1,1,0,0,1,0,1,6,A,8,LUF4_5
0,1,1,0,0,0,1,1,6,B,8,LUF4_5
0,1,0,1,1,1,0,0,6,C,8,LUF4_5
0,1,0,1,1,0,1,0,6,D,8,LUF4_5
0,1,0,1,1,0,0,1,6,E,8,LUF4_5
0,1,0,1,0,1,1,0,6,F,8,LUF4_5
0,1,0,1,0,1,0,1,6,G,8,LUF4_5
0,1,0,1,0,0,1,1,6,H,8,LUF4_5
0,1,0,0,1,1,1,0,7,A,8,LUF4_5
0,1,0,0,1,1,0,1,7,B,8,LUF4_5
0,1,0,0,1,0,1,1,7,C,8,LUF4_5
0,1,0,0,0,1,1,1,7,D,8,LUF4_5
0,0,1,1,1,1,0,0,7,E,8,LUF4_5
0,0,1,1,1,0,1,0,7,F,8,LUF4_5
0,0,1,1,1,0,0,1,7,G,8,LUF4_5
0,0,1,1,0,1,1,0,7,H,8,LUF4_5
0,0,1,1,0,1,0,1,8,A,8,LUF4_5
0,0,1,1,0,0,1,1,8,B,8,LUF4_5
0,0,1,0,1,1,1,0,8,C,8,LUF4_5
0,0,1,0,1,1,0,1,8,D,8,LUF4_5
0,0,1,0,1,0,1,1,8,E,8,LUF4_5
0,0,1,0,0,1,1,1,8,F,8,LUF4_5
0,0,0,1,1,1,1,0,8,G,8,LUF4_5
0,0,0,1,1,1,0,1,8,H,8,LUF4_5
0,0,0,1,1,0,1,1,9,A,8,LUF4_5
0,0,0,1,0,1,1,1,9,B,8,LUF4_5
0,0,0,0,1,1,1,1,9,C,8,LUF4_5
1,1,1,1,1,0,0,0,9,D,8,LUF4_5
1,1,1,1,0,1,0,0,9,E,8,LUF4_5
1,1,1,1,0,0,1,0,9,F,8,LUF4_5
1,1,1,1,0,0,0,1,9,G,8,LUF4_5
1,1,1,0,1,1,0,0,9,H,8,LUF4_5
1,1,1,0,1,0,1,0,10,A,8,LUF4_5
1,1,1,0,1,0,0,1,10,B,8,LUF4_5
1,1,1,0,0,1,1,0,10,C,8,LUF4_5
1,1,1,0,0,1,0,1,10,D,8,LUF4_5
1,1,1,0,0,0,1,1,10,E,8,LUF4_5
1,1,0,1,1,1,0,0,10,F,8,LUF4_5
1,1,0,1,1,0,1,0,10,G,8,LUF4_5
1,1,0,1,1,0,0,1,10,H,8,LUF4_5
1,1,0,1,0,1,1,0,11,A,8,LUF4_5
1,1,0,1,0,1,0,1,11,B,8,LUF4_5
1,1,0,1,0,0,1,1,11,C,8,LUF4_5
1,1,0,0,1,1,1,0,11,D,8,LUF4_5
1,1,0,0,1,1,0,1,11,E,8,LUF4_5
1,1,0,0,1,0,1,1,11,F,8,LUF4_5
1,1,0,0,0,1,1,1,11,G,8,LUF4_5
1,0,1,1,1,1,0,0,11,H,8,LUF4_5
1,0,1,1,1,0,1,0,12,A,8,LUF4_5
1,0,1,1,1,0,0,1,12,B,8,LUF4_5
1,0,1,1,0,1,1,0,12,C,8,LUF4_5
1,0,1,1,0,1,0,1,12,D,8,LUF4_5
1,0,1,1,0,0,1,1,12,E,8,LUF4_5
1,0,1,0,1,1,1,0,12,F,8,LUF4_5
1,0,1,0,1,1,0,1,12,G,8,LUF4_5
1,0,1,0,1,0,1,1,12,H,8,LUF4_5
1,0,1,0,0,1,1,1,1,A,9,LUF4_5
1,0,0,1,1,1,1,0,1,B,9,LUF4_5
1,0,0,1,1,1,0,1,1,C,9,LUF4_5
1,0,0,1,1,0,1,1,1,D,9,LUF4_5
1,0,0,1,0,1,1,1,1,E,9,LUF4_5
1,0,0,0,1,1,1,1,1,F,9,LUF4_5
0,1,1,1,1,1,0,0,1,G,9,LUF4_5
0,1,1,1,1,0,1,0,1,H,9,LUF4_5
0,1,1,1,1,0,0,1,2,A,9,LUF4_5
0,1,1,1,0,1,1,0,2,B,9,LUF4_5
0,1,1,1,0,1,0,1,2,C,9,LUF4_5
0,1,1,1,0,0,1,1,2,D,9,LUF4_5
0,1,1,0,1,1,1,0,2,E,9,LUF4_5
0,1,1,0,1,1,0,1,2,F,9,LUF4_5
0,1,1,0,1,0,1,1,2,G,9,LUF4_5
0,1,1,0,0,1,1,1,2,H,9,LUF4_5
0,1,0,1,1,1,1,0,3,A,9,LUF4_5
0,1,0,1,1,1,0,1,3,B,9,LUF4_5
0,1,0,1,1,0,1,1,3,C,9,LUF4_5
0,1,0,1,0,1,1,1,3,D,9,LUF4_5
0,1,0,0,1,1,1,1,3,E,9,LUF4_5
0,0,1,1,1,1,1,0,3,F,9,LUF4_5
0,0,1,1,1,1,0,1,3,G,9,LUF4_5
0,0,1,1,1,0,1,1,3,H,9,LUF4_5
0,0,1,1,0,1,1,1,4,A,9,LUF4_5
0,0,1,0,1,1,1,1,4,B,9,LUF4_5
0,0,0,1,1,1,1,1,4,C,9,LUF4_5
1,1,1,1,1,1,0,0,4,D,9,LUF4_5
1,1,1,1,1,0,1,0,4,E,9,LUF4_5
1,1,1,1,1,0,0,1,4,F,9,LUF4_5
1,1,1,1,0,1,1,0,4,G,9,LUF4_5
1,1,1,1,0,1,0,1,4,H,9,LUF4_5
1,1,1,1,0,0,1,1,5,A,9,LUF4_5
1,1,1,0,1,1,1,0,5,B,9,LUF4_5
1,1,1,0,1,1,0,1,5,C,9,LUF4_5
1,1,1,0,1,0,1,1,5,D,9,LUF4_5
1,1,1,0,0,1,1,1,5,E,9,LUF4_5
1,1,0,1,1,1,1,0,5,F,9,LUF4_5
1,1,0,1,1,1,0,1,5,G,9,LUF4_5
1,1,0,1,1,0,1,1,5,H,9,LUF4_5
1,1,0,1,0,1,1,1,6,A,9,LUF4_5
1,1,0,0,1,1,1,1,6,B,9,LUF4_5
1,0,1,1,1,1,1,0,6,C,9,LUF4_5
1,0,1,1,1,1,0,1,6,D,9,LUF4_5
1,0,1,1,1,0,1,1,6,E,9,LUF4_5
1,0,1,1,0,1,1,1,6,F,9,LUF4_5
1,0,1,0,1,1,1,1,6,G,9,LUF4_5
1,0,0,1,1,1,1,1,6,H,9,LUF4_5
0,1,1,1,1,1,1,0,7,A,9,LUF4_5
0,1,1,1,1,1,0,1,7,B,9,LUF4_5
0,1,1,1,1,0,1,1,7,C,9,LUF4_5
0,1,1,1,0,1,1,1,7,D,9,LUF4_5
0,1,1,0,1,1,1,1,7,E,9,LUF4_5
0,1,0,1,1,1,1,1,7,F,9,LUF4_5
0,0,1,1,1,1,1,1,7,G,9,LUF4_5
1,1,1,1,1,1,1,0,7,H,9,LUF4_5
1,1,1,1,1,1,0,1,8,A,9,LUF4_5
1,1,1,1,1,0,1,1,8,B,9,LUF4_5
1,1,1,1,0,1,1,1,8,C,9,LUF4_5
1,1,1,0,1,1,1,1,8,D,9,LUF4_5
1,1,0,1,1,1,1,1,8,E,9,LUF4_5
1,0,1,1,1,1,1,1,8,F,9,LUF4_5
0,1,1,1,1,1,1,1,8,G,9,LUF4_5
1,1,1,1,1,1,1,1,8,H,9,LUF4_5
0,0,0,0,0,0,0,0,9,A,9,LUF4_5
0,0,0,0,0,0,0,0,9,B,9,LUF4_5
0,0,0,0,0,0,0,0,9,C,9,LUF4_5
0,0,0,0,0,0,0,0,9,D,9,LUF4_5
0,0,0,0,0,0,0,0,9,E,9,LUF4_5
0,0,0,0,0,0,0,0,9,F,9,LUF4_5
0,0,0,0,0,0,0,0,9,G,9,LUF4_5
0,0,0,0,0,0,0,0,9,H,9,LUF4_5
0,0,0,0,0,0,0,0,10,A,9,LUF4_5
0,0,0,0,0,0,0,0,10,B,9,LUF4_5
0,0,0,0,0,0,0,0,10,C,9,LUF4_5
0,0,0,0,0,0,0,0,10,D,9,LUF4_5
0,0,0,0,0,0,0,0,10,E,9,LUF4_5
0,0,0,0,0,0,0,0,10,F,9,LUF4_5
0,0,0,0,0,0,0,0,10,G,9,LUF4_5
0,0,0,0,0,0,0,0,10,H,9,LUF4_5
0,0,0,0,0,0,0,0,11,A,9,LUF4_5
0,0,0,0,0,0,0,0,11,B,9,LUF4_5
0,0,0,0,0,0,0,0,11,C,9,LUF4_5
0,0,0,0,0,0,0,0,11,D,9,LUF4_5
0,0,0,0,0,0,0,0,11,E,9,LUF4_5
0,0,0,0,0,0,0,0,11,F,9,LUF4_5
0,0,0,0,0,0,0,0,11,G,9,LUF4_5
0,0,0,0,0,0,0,0,11,H,9,LUF4_5
0,0,0,0,0,0,0,0,12,A,9,LUF4_5
0,0,0,0,0,0,0,0,12,B,9,LUF4_5
0,0,0,0,0,0,0,0,12,C,9,LUF4_5
0,0,0,0,0,0,0,0,12,D,9,LUF4_5
0,0,0,0,0,0,0,0,12,E,9,LUF4_5
0,0,0,0,0,0,0,0,12,F,9,LUF4_5
0,0,0,0,0,0,0,0,12,G,9,LUF4_5
0,0,0,0,0,0,0,0,12,H,9,LUF4_5
0,0,0,0,0,0,0,0,1,A,10,NUF1_3
1,0,0,0,0,0,0,0,1,B,10,NUF1_3
0,1,0,0,0,0,0,0,1,C,10,NUF1_3
0,0,1,0,0,0,0,0,1,D,10,NUF1_3
0,0,0,1,0,0,0,0,1,E,10,NUF1_3
0,0,0,0,1,0,0,0,1,F,10,NUF1_3
0,0,0,0,0,1,0,0,1,G,10,NUF1_3
0,0,0,0,0,0,1,0,1,H,10,NUF1_3
0,0,0,0,0,0,0,1,2,A,10,NUF1_3
1,1,0,0,0,0,0,0,2,B,10,NUF1_3
1,0,1,0,0,0,0,0,2,C,10,NUF1_3
1,0,0,1,0,0,0,0,2,D,10,NUF1_3
1,0,0,0,1,0,0,0,2,E,10,NUF1_3
1,0,0,0,0,1,0,0,2,F,10,NUF1_3
1,0,0,0,0,0,1,0,2,G,10,NUF1_3
1,0,0,0,0,0,0,1,2,H,10,NUF1_3
0,1,1,0,0,0,0,0,3,A,10,NUF1_3
0,1,0,1,0,0,0,0,3,B,10,NUF1_3
0,1,0,0,1,0,0,0,3,C,10,NUF1_3
0,1,0,0,0,1,0,0,3,D,10,NUF1_3
0,1,0,0,0,0,1,0,3,E,10,NUF1_3
0,1,0,0,0,0,0,1,3,F,10,NUF1_3
0,0,1,1,0,0,0,0,3,G,10,NUF1_3
0,0,1,0,1,0,0,0,3,H,10,NUF1_3
0,0,1,0,0,1,0,0,4,A,10,NUF1_3
0,0,1,0,0,0,1,0,4,B,10,NUF1_3
0,0,1,0,0,0,0,1,4,C,10,NUF1_3
0,0,0,1,1,0,0,0,4,D,10,NUF1_3
0,0,0,1,0,1,0,0,4,E,10,NUF1_3
0,0,0,1,0,0,1,0,4,F,10,NUF1_3
0,0,0,1,0,0,0,1,4,G,10,NUF1_3
0,0,0,0,1,1,0,0,4,H,10,NUF1_3
0,0,0,0,1,0,1,0,5,A,10,NUF1_3
0,0,0,0,1,0,0,1,5,B,10,NUF1_3
0,0,0,0,0,1,1,0,5,C,10,NUF1_3
0,0,0,0,0,1,0,1,5,D,10,NUF1_3
0,0,0,0,0,0,1,1,5,E,10,NUF1_3
1,1,1,0,0,0,0,0,5,F,10,NUF1_3
1,1,0,1,0,0,0,0,5,G,10,NUF1_3
1,1,0,0,1,0,0,0,5,H,10,NUF1_3
1,1,0,0,0,1,0,0,6,A,10,NUF1_3
1,1,0,0,0,0,1,0,6,B,10,NUF1_3
1,1,0,0,0,0,0,1,6,C,10,NUF1_3
1,0,1,1,0,0,0,0,6,D,10,NUF1_3
1,0,1,0,1,0,0,0,6,E,10,NUF1_3
1,0,1,0,0,1,0,0,6,F,10,NUF1_3
1,0,1,0,0,0,1,0,6,G,10,NUF1_3
1,0,1,0,0,0,0,1,6,H,10,NUF1_3
1,0,0,1,1,0,0,0,7,A,10,NUF1_3
1,0,0,1,0,1,0,0,7,B,10,NUF1_3
1,0,0,1,0,0,1,0,7,C,10,NUF1_3
1,0,0,1,0,0,0,1,7,D,10,NUF1_3
1,0,0,0,1,1,0,0,7,E,10,NUF1_3
1,0,0,0,1,0,1,0,7,F,10,NUF1_3
1,0,0,0,1,0,0,1,7,G,10,NUF1_3
1,0,0,0,0,1,1,0,7,H,10,NUF1_3
1,0,0,0,0,1,0,1,8,A,10,NUF1_3
1,0,0,0,0,0,1,1,8,B,10,NUF1_3
0,1,1,1,0,0,0,0,8,C,10,NUF1_3
0,1,1,0,1,0,0,0,8,D,10,NUF1_3
0,1,1,0,0,1,0,0,8,E,10,NUF1_3
0,1,1,0,0,0,1,0,8,F,10,NUF1_3
0,1,1,0,0,0,0,1,8,G,10,NUF1_3
0,1,0,1,1,0,0,0,8,H,10,NUF1_3
0,1,0,1,0,1,0,0,9,A,10,NUF1_3
0,1,0,1,0,0,1,0,9,B,10,NUF1_3
0,1,0,1,0,0,0,1,9,C,10,NUF1_3
0,1,0,0,1,1,0,0,9,D,10,NUF1_3
0,1,0,0,1,0,1,0,9,E,10,NUF1_3
0,1,0,0,1,0,0,1,9,F,10,NUF1_3
0,1,0,0,0,1,1,0,9,G,10,NUF1_3
0,1,0,0,0,1,0,1,9,H,10,NUF1_3
0,1,0,0,0,0,1,1,10,A,10,NUF1_3
0,0,1,1,1,0,0,0,10,B,10,NUF1_3
0,0,1,1,0,1,0,0,10,C,10,NUF1_3
0,0,1,1,0,0,1,0,10,D,10,NUF1_3
0,0,1,1,0,0,0,1,10,E,10,NUF1_3
0,0,1,0,1,1,0,0,10,F,10,NUF1_3
0,0,1,0,1,0,1,0,10,G,10,NUF1_3
0,0,1,0,1,0,0,1,10,H,10,NUF1_3
0,0,1,0,0,1,1,0,11,A,10,NUF1_3
0,0,1,0,0,1,0,1,11,B,10,NUF1_3
0,0,1,0,0,0,1,1,11,C,10,NUF1_3
0,0,0,1,1,1,0,0,11,D,10,NUF1_3
0,0,0,1,1,0,1,0,11,E,10,NUF1_3
0,0,0,1,1,0,0,1,11,F,10,NUF1_3
0,0,0,1,0,1,1,0,11,G,10,NUF1_3
0,0,0,1,0,1,0,1,11,H,10,NUF1_3
0,0,0,1,0,0,1,1,12,A,10,NUF1_3
0,0,0,0,1,1,1,0,12,B,10,NUF1_3
0,0,0,0,1,1,0,1,12,C,10,NUF1_3
0,0,0,0,1,0,1,1,12,D,10,NUF1_3
0,0,0,0,0,1,1,1,12,E,10,NUF1_3
1,1,1,1,0,0,0,0,12,F,10,NUF1_3
1,1,1,0,1,0,0,0,12,G,10,NUF1_3
1,1,1,0,0,1,0,0,12,H,10,NUF1_3
1,1,1,0,0,0,1,0,1,A,11,NUF1_3
1,1,1,0,0,0,0,1,1,B,11,NUF1_3
1,1,0,1,1,0,0,0,1,C,11,NUF1_3
1,1,0,1,0,1,0,0,1,D,11,NUF1_3
1,1,0,1,0,0,1,0,1,E,11,NUF1_3
1,1,0,1,0,0,0,1,1,F,11,NUF1_3
1,1,0,0,1,1,0,0,1,G,11,NUF1_3
1,1,0,0,1,0,1,0,1,H,11,NUF1_3
1,1,0,0,1,0,0,1,2,A,11,NUF1_3
1,1,0,0,0,1,1,0,2,B,11,NUF1_3
1,1,0,0,0,1,0,1,2,C,11,NUF1_3
1,1,0,0,0,0,1,1,2,D,11,NUF1_3
1,0,1,1,1,0,0,0,2,E,11,NUF1_3
1,0,1,1,0,1,0,0,2,F,11,NUF1_3
1,0,1,1,0,0,1,0,2,G,11,NUF1_3
1,0,1,1,0,0,0,1,2,H,11,NUF1_3
1,0,1,0,1,1,0,0,3,A,11,NUF1_3
1,0,1,0,1,0,1,0,3,B,11,NUF1_3
1,0,1,0,1,0,0,1,3,C,11,NUF1_3
1,0,1,0,0,1,1,0,3,D,11,NUF1_3
1,0,1,0,0,1,0,1,3,E,11,NUF1_3
1,0,1,0,0,0,1,1,3,F,11,NUF1_3
1,0,0,1,1,1,0,0,3,G,11,NUF1_3
1,0,0,1,1,0,1,0,3,H,11,NUF1_3
1,0,0,1,1,0,0,1,4,A,11,NUF1_3
1,0,0,1,0,1,1,0,4,B,11,NUF1_3
1,0,0,1,0,1,0,1,4,C,11,NUF1_3
1,0,0,1,0,0,1,1,4,D,11,NUF1_3
1,0,0,0,1,1,1,0,4,E,11,NUF1_3
1,0,0,0,1,1,0,1,4,F,11,NUF1_3
1,0,0,0,1,0,1,1,4,G,11,NUF1_3
1,0,0,0,0,1,1,1,4,H,11,NUF1_3
0,1,1,1,1,0,0,0,5,A,11,NUF1_3
0,1,1,1,0,1,0,0,5,B,11,NUF1_3
0,1,1,1,0,0,1,0,5,C,11,NUF1_3
0,1,1,1,0,0,0,1,5,D,11,NUF1_3
0,1,1,0,1,1,0,0,5,E,11,NUF1_3
0,1,1,0,1,0,1,0,5,F,11,NUF1_3
0,1,1,0,1,0,0,1,5,G,11,NUF1_3
0,1,1,0,0,1,1,0,5,H,11,NUF1_3
0,1,1,0,0,1,0,1,6,A,11,NUF1_3
0,1,1,0,0,0,1,1,6,B,11,NUF1_3
0,1,0,1,1,1,0,0,6,C,11,NUF1_3
0,1,0,1,1,0,1,0,6,D,11,NUF1_3
0,1,0,1,1,0,0,1,6,E,11,NUF1_3
0,1,0,1,0,1,1,0,6,F,11,NUF1_3
0,1,0,1,0,1,0,1,6,G,11,NUF1_3
0,1,0,1,0,0,1,1,6,H,11,NUF1_3
0,1,0,0,1,1,1,0,7,A,11,NUF1_3
0,1,0,0,1,1,0,1,7,B,11,NUF1_3
0,1,0,0,1,0,1,1,7,C,11,NUF1_3
0,1,0,0,0,1,1,1,7,D,11,NUF1_3
0,0,1,1,1,1,0,0,7,E,11,NUF1_3
0,0,1,1,1,0,1,0,7,F,11,NUF1_3
0,0,1,1,1,0,0,1,7,G,11,NUF1_3
0,0,1,1,0,1,1,0,7,H,11,NUF1_3
0,0,1,1,0,1,0,1,8,A,11,NUF1_3
0,0,1,1,0,0,1,1,8,B,11,NUF1_3
0,0,1,0,1,1,1,0,8,C,11,NUF1_3
0,0,1,0,1,1,0,1,8,D,11,NUF1_3
0,0,1,0,1,0,1,1,8,E,11,NUF1_3
0,0,1,0,0,1,1,1,8,F,11,NUF1_3
0,0,0,1,1,1,1,0,8,G,11,NUF1_3
0,0,0,1,1,1,0,1,8,H,11,NUF1_3
0,0,0,1,1,0,1,1,9,A,11,NUF1_3
0,0,0,1,0,1,1,1,9,B,11,NUF1_3
0,0,0,0,1,1,1,1,9,C,11,NUF1_3
1,1,1,1,1,0,0,0,9,D,11,NUF1_3
1,1,1,1,0,1,0,0,9,E,11,NUF1_3
1,1,1,1,0,0,1,0,9,F,11,NUF1_3
1,1,1,1,0,0,0,1,9,G,11,NUF1_3
1,1,1,0,1,1,0,0,9,H,11,NUF1_3
1,1,1,0,1,0,1,0,10,A,11,NUF1_3
1,1,1,0,1,0,0,1,10,B,11,NUF1_3
1,1,1,0,0,1,1,0,10,C,11,NUF1_3
1,1,1,0,0,1,0,1,10,D,11,NUF1_3
1,1,1,0,0,0,1,1,10,E,11,NUF1_3
1,1,0,1,1,1,0,0,10,F,11,NUF1_3
1,1,0,1,1,0,1,0,10,G,11,NUF1_3
1,1,0,1,1,0,0,1,10,H,11,NUF1_3
1,1,0,1,0,1,1,0,11,A,11,NUF1_3
1,1,0,1,0,1,0,1,11,B,11,NUF1_3
1,1,0,1,0,0,1,1,11,C,11,NUF1_3
1,1,0,0,1,1,1,0,11,D,11,NUF1_3
1,1,0,0,1,1,0,1,11,E,11,NUF1_3
1,1,0,0,1,0,1,1,11,F,11,NUF1_3
1,1,0,0,0,1,1,1,11,G,11,NUF1_3
1,0,1,1,1,1,0,0,11,H,11,NUF1_3
1,0,1,1,1,0,1,0,12,A,11,NUF1_3
1,0,1,1,1,0,0,1,12,B,11,NUF1_3
1,0,1,1,0,1,1,0,12,C,11,NUF1_3
1,0,1,1,0,1,0,1,12,D,11,NUF1_3
1,0,1,1,0,0,1,1,12,E,11,NUF1_3
1,0,1,0,1,1,1,0,12,F,11,NUF1_3
1,0,1,0,1,1,0,1,12,G,11,NUF1_3
1,0,1,0,1,0,1,1,12,H,11,NUF1_3
1,0,1,0,0,1,1,1,1,A,12,NUF1_3
1,0,0,1,1,1,1,0,1,B,12,NUF1_3
1,0,0,1,1,1,0,1,1,C,12,NUF1_3
1,0,0,1,1,0,1,1,1,D,12,NUF1_3
1,0,0,1,0,1,1,1,1,E,12,NUF1_3
1,0,0,0,1,1,1,1,1,F,12,NUF1_3
0,1,1,1,1,1,0,0,1,G,12,NUF1_3
0,1,1,1,1,0,1,0,1,H,12,NUF1_3
0,1,1,1,1,0,0,1,2,A,12,NUF1_3
0,1,1,1,0,1,1,0,2,B,12,NUF1_3
0,1,1,1,0,1,0,1,2,C,12,NUF1_3
0,1,1,1,0,0,1,1,2,D,12,NUF1_3
0,1,1,0,1,1,1,0,2,E,12,NUF1_3
0,1,1,0,1,1,0,1,2,F,12,NUF1_3
0,1,1,0,1,0,1,1,2,G,12,NUF1_3
0,1,1,0,0,1,1,1,2,H,12,NUF1_3
0,1,0,1,1,1,1,0,3,A,12,NUF1_3
0,1,0,1,1,1,0,1,3,B,12,NUF1_3
0,1,0,1,1,0,1,1,3,C,12,NUF1_3
0,1,0,1,0,1,1,1,3,D,12,NUF1_3
0,1,0,0,1,1,1,1,3,E,12,NUF1_3
0,0,1,1,1,1,1,0,3,F,12,NUF1_3
0,0,1,1,1,1,0,1,3,G,12,NUF1_3
0,0,1,1,1,0,1,1,3,H,12,NUF1_3
0,0,1,1,0,1,1,1,4,A,12,NUF1_3
0,0,1,0,1,1,1,1,4,B,12,NUF1_3
0,0,0,1,1,1,1,1,4,C,12,NUF1_3
1,1,1,1,1,1,0,0,4,D,12,NUF1_3
1,1,1,1,1,0,1,0,4,E,12,NUF1_3
1,1,1,1,1,0,0,1,4,F,12,NUF1_3
1,1,1,1,0,1,1,0,4,G,12,NUF1_3
1,1,1,1,0,1,0,1,4,H,12,NUF1_3
1,1,1,1,0,0,1,1,5,A,12,NUF1_3
1,1,1,0,1,1,1,0,5,B,12,NUF1_3
1,1,1,0,1,1,0,1,5,C,12,NUF1_3
1,1,1,0,1,0,1,1,5,D,12,NUF1_3
1,1,1,0,0,1,1,1,5,E,12,NUF1_3
1,1,0,1,1,1,1,0,5,F,12,NUF1_3
1,1,0,1,1,1,0,1,5,G,12,NUF1_3
1,1,0,1,1,0,1,1,5,H,12,NUF1_3
1,1,0,1,0,1,1,1,6,A,12,NUF1_3
1,1,0,0,1,1,1,1,6,B,12,NUF1_3
1,0,1,1,1,1,1,0,6,C,12,NUF1_3
1,0,1,1,1,1,0,1,6,D,12,NUF1_3
1,0,1,1,1,0,1,1,6,E,12,NUF1_3
1,0,1,1,0,1,1,1,6,F,12,NUF1_3
1,0,1,0,1,1,1,1,6,G,12,NUF1_3
1,0,0,1,1,1,1,1,6,H,12,NUF1_3
0,1,1,1,1,1,1,0,7,A,12,NUF1_3
0,1,1,1,1,1,0,1,7,B,12,NUF1_3
0,1,1,1,1,0,1,1,7,C,12,NUF1_3
0,1,1,1,0,1,1,1,7,D,12,NUF1_3
0,1,1,0,1,1,1,1,7,E,12,NUF1_3
0,1,0,1,1,1,1,1,7,F,12,NUF1_3
0,0,1,1,1,1,1,1,7,G,12,NUF1_3
1,1,1,1,1,1,1,0,7,H,12,NUF1_3
1,1,1,1,1,1,0,1,8,A,12,NUF1_3
1,1,1,1,1,0,1,1,8,B,12,NUF1_3
1,1,1,1,0,1,1,1,8,C,12,NUF1_3
1,1,1,0,1,1,1,1,8,D,12,NUF1_3
1,1,0,1,1,1,1,1,8,E,12,NUF1_3
1,0,1,1,1,1,1,1,8,F,12,NUF1_3
0,1,1,1,1,1,1,1,8,G,12,NUF1_3
1,1,1,1,1,1,1,1,8,H,12,NUF1_3
0,0,0,0,0,0,0,0,9,A,12,NUF1_3
0,0,0,0,0,0,0,0,9,B,12,NUF1_3
0,0,0,0,0,0,0,0,9,C,12,NUF1_3
0,0,0,0,0,0,0,0,9,D,12,NUF1_3
0,0,0,0,0,0,0,0,9,E,12,NUF1_3
0,0,0,0,0,0,0,0,9,F,12,NUF1_3
0,0,0,0,0,0,0,0,9,G,12,NUF1_3
0,0,0,0,0,0,0,0,9,H,12,NUF1_3
0,0,0,0,0,0,0,0,10,A,12,NUF1_3
0,0,0,0,0,0,0,0,10,B,12,NUF1_3
0,0,0,0,0,0,0,0,10,C,12,NUF1_3
0,0,0,0,0,0,0,0,10,D,12,NUF1_3
0,0,0,0,0,0,0,0,10,E,12,NUF1_3
0,0,0,0,0,0,0,0,10,F,12,NUF1_3
0,0,0,0,0,0,0,0,10,G,12,NUF1_3
0,0,0,0,0,0,0,0,10,H,12,NUF1_3
0,0,0,0,0,0,0,0,11,A,12,NUF1_3
0,0,0,0,0,0,0,0,11,B,12,NUF1_3
0,0,0,0,0,0,0,0,11,C,12,NUF1_3
0,0,0,0,0,0,0,0,11,D,12,NUF1_3
0,0,0,0,0,0,0,0,11,E,12,NUF1_3
0,0,0,0,0,0,0,0,11,F,12,NUF1_3
0,0,0,0,0,0,0,0,11,G,12,NUF1_3
0,0,0,0,0,0,0,0,11,H,12,NUF1_3
0,0,0,0,0,0,0,0,12,A,12,NUF1_3
0,0,0,0,0,0,0,0,12,B,12,NUF1_3
0,0,0,0,0,0,0,0,12,C,12,NUF1_3
0,0,0,0,0,0,0,0,12,D,12,NUF1_3
0,0,0,0,0,0,0,0,12,E,12,NUF1_3
0,0,0,0,0,0,0,0,12,F,12,NUF1_3
0,0,0,0,0,0,0,0,12,G,12,NUF1_3
0,0,0,0,0,0,0,0,12,H,12,NUF1_3
0,0,0,0,0,0,0,0,1,A,13,KUB5_13
1,0,0,0,0,0,0,0,1,B,13,KUB5_13
0,1,0,0,0,0,0,0,1,C,13,KUB5_13
0,0,1,0,0,0,0,0,1,D,13,KUB5_13
0,0,0,1,0,0,0,0,1,E,13,KUB5_13
0,0,0,0,1,0,0,0,1,F,13,KUB5_13
0,0,0,0,0,1,0,0,1,G,13,KUB5_13
0,0,0,0,0,0,1,0,1,H,13,KUB5_13
0,0,0,0,0,0,0,1,2,A,13,KUB5_13
1,1,0,0,0,0,0,0,2,B,13,KUB5_13
1,0,1,0,0,0,0,0,2,C,13,KUB5_13
1,0,0,1,0,0,0,0,2,D,13,KUB5_13
1,0,0,0,1,0,0,0,2,E,13,KUB5_13
1,0,0,0,0,1,0,0,2,F,13,KUB5_13
1,0,0,0,0,0,1,0,2,G,13,KUB5_13
1,0,0,0,0,0,0,1,2,H,13,KUB5_13
0,1,1,0,0,0,0,0,3,A,13,KUB5_13
0,1,0,1,0,0,0,0,3,B,13,KUB5_13
0,1,0,0,1,0,0,0,3,C,13,KUB5_13
0,1,0,0,0,1,0,0,3,D,13,KUB5_13
0,1,0,0,0,0,1,0,3,E,13,KUB5_13
0,1,0,0,0,0,0,1,3,F,13,KUB5_13
0,0,1,1,0,0,0,0,3,G,13,KUB5_13
0,0,1,0,1,0,0,0,3,H,13,KUB5_13
0,0,1,0,0,1,0,0,4,A,13,KUB5_13
0,0,1,0,0,0,1,0,4,B,13,KUB5_13
0,0,1,0,0,0,0,1,4,C,13,KUB5_13
0,0,0,1,1,0,0,0,4,D,13,KUB5_13
0,0,0,1,0,1,0,0,4,E,13,KUB5_13
0,0,0,1,0,0,1,0,4,F,13,KUB5_13
0,0,0,1,0,0,0,1,4,G,13,KUB5_13
0,0,0,0,1,1,0,0,4,H,13,KUB5_13
0,0,0,0,1,0,1,0,5,A,13,KUB5_13
0,0,0,0,1,0,0,1,5,B,13,KUB5_13
0,0,0,0,0,1,1,0,5,C,13,KUB5_13
0,0,0,0,0,1,0,1,5,D,13,KUB5_13
0,0,0,0,0,0,1,1,5,E,13,KUB5_13
1,1,1,0,0,0,0,0,5,F,13,KUB5_13
1,1,0,1,0,0,0,0,5,G,13,KUB5_13
1,1,0,0,1,0,0,0,5,H,13,KUB5_13
1,1,0,0,0,1,0,0,6,A,13,KUB5_13
1,1,0,0,0,0,1,0,6,B,13,KUB5_13
1,1,0,0,0,0,0,1,6,C,13,KUB5_13
1,0,1,1,0,0,0,0,6,D,13,KUB5_13
1,0,1,0,1,0,0,0,6,E,13,KUB5_13
1,0,1,0,0,1,0,0,6,F,13,KUB5_13
1,0,1,0,0,0,1,0,6,G,13,KUB5_13
1,0,1,0,0,0,0,1,6,H,13,KUB5_13
1,0,0,1,1,0,0,0,7,A,13,KUB5_13
1,0,0,1,0,1,0,0,7,B,13,KUB5_13
1,0,0,1,0,0,1,0,7,C,13,KUB5_13
1,0,0,1,0,0,0,1,7,D,13,KUB5_13
1,0,0,0,1,1,0,0,7,E,13,KUB5_13
1,0,0,0,1,0,1,0,7,F,13,KUB5_13
1,0,0,0,1,0,0,1,7,G,13,KUB5_13
1,0,0,0,0,1,1,0,7,H,13,KUB5_13
1,0,0,0,0,1,0,1,8,A,13,KUB5_13
1,0,0,0,0,0,1,1,8,B,13,KUB5_13
0,1,1,1,0,0,0,0,8,C,13,KUB5_13
0,1,1,0,1,0,0,0,8,D,13,KUB5_13
0,1,1,0,0,1,0,0,8,E,13,KUB5_13
0,1,1,0,0,0,1,0,8,F,13,KUB5_13
0,1,1,0,0,0,0,1,8,G,13,KUB5_13
0,1,0,1,1,0,0,0,8,H,13,KUB5_13
0,1,0,1,0,1,0,0,9,A,13,KUB5_13
0,1,0,1,0,0,1,0,9,B,13,KUB5_13
0,1,0,1,0,0,0,1,9,C,13,KUB5_13
0,1,0,0,1,1,0,0,9,D,13,KUB5_13
0,1,0,0,1,0,1,0,9,E,13,KUB5_13
0,1,0,0,1,0,0,1,9,F,13,KUB5_13
0,1,0,0,0,1,1,0,9,G,13,KUB5_13
0,1,0,0,0,1,0,1,9,H,13,KUB5_13
0,1,0,0,0,0,1,1,10,A,13,KUB5_13
0,0,1,1,1,0,0,0,10,B,13,KUB5_13
0,0,1,1,0,1,0,0,10,C,13,KUB5_13
0,0,1,1,0,0,1,0,10,D,13,KUB5_13
0,0,1,1,0,0,0,1,10,E,13,KUB5_13
0,0,1,0,1,1,0,0,10,F,13,KUB5_13
0,0,1,0,1,0,1,0,10,G,13,KUB5_13
0,0,1,0,1,0,0,1,10,H,13,KUB5_13
0,0,1,0,0,1,1,0,11,A,13,KUB5_13
0,0,1,0,0,1,0,1,11,B,13,KUB5_13
0,0,1,0,0,0,1,1,11,C,13,KUB5_13
0,0,0,1,1,1,0,0,11,D,13,KUB5_13
0,0,0,1,1,0,1,0,11,E,13,KUB5_13
0,0,0,1,1,0,0,1,11,F,13,KUB5_13
0,0,0,1,0,1,1,0,11,G,13,KUB5_13
0,0,0,1,0,1,0,1,11,H,13,KUB5_13
0,0,0,1,0,0,1,1,12,A,13,KUB5_13
0,0,0,0,1,1,1,0,12,B,13,KUB5_13
0,0,0,0,1,1,0,1,12,C,13,KUB5_13
0,0,0,0,1,0,1,1,12,D,13,KUB5_13
0,0,0,0,0,1,1,1,12,E,13,KUB5_13
1,1,1,1,0,0,0,0,12,F,13,KUB5_13
1,1,1,0,1,0,0,0,12,G,13,KUB5_13
1,1,1,0,0,1,0,0,12,H,13,KUB5_13
1,1,1,0,0,0,1,0,1,A,14,KUB5_13
1,1,1,0,0,0,0,1,1,B,14,KUB5_13
1,1,0,1,1,0,0,0,1,C,14,KUB5_13
1,1,0,1,0,1,0,0,1,D,14,KUB5_13
1,1,0,1,0,0,1,0,1,E,14,KUB5_13
1,1,0,1,0,0,0,1,1,F,14,KUB5_13
1,1,0,0,1,1,0,0,1,G,14,KUB5_13
1,1,0,0,1,0,1,0,1,H,14,KUB5_13
1,1,0,0,1,0,0,1,2,A,14,KUB5_13
1,1,0,0,0,1,1,0,2,B,14,KUB5_13
1,1,0,0,0,1,0,1,2,C,14,KUB5_13
1,1,0,0,0,0,1,1,2,D,14,KUB5_13
1,0,1,1,1,0,0,0,2,E,14,KUB5_13
1,0,1,1,0,1,0,0,2,F,14,KUB5_13
1,0,1,1,0,0,1,0,2,G,14,KUB5_13
1,0,1,1,0,0,0,1,2,H,14,KUB5_13
1,0,1,0,1,1,0,0,3,A,14,KUB5_13
1,0,1,0,1,0,1,0,3,B,14,KUB5_13
1,0,1,0,1,0,0,1,3,C,14,KUB5_13
1,0,1,0,0,1,1,0,3,D,14,KUB5_13
1,0,1,0,0,1,0,1,3,E,14,KUB5_13
1,0,1,0,0,0,1,1,3,F,14,KUB5_13
1,0,0,1,1,1,0,0,3,G,14,KUB5_13
1,0,0,1,1,0,1,0,3,H,14,KUB5_13
1,0,0,1,1,0,0,1,4,A,14,KUB5_13
1,0,0,1,0,1,1,0,4,B,14,KUB5_13
1,0,0,1,0,1,0,1,4,C,14,KUB5_13
1,0,0,1,0,0,1,1,4,D,14,KUB5_13
1,0,0,0,1,1,1,0,4,E,14,KUB5_13
1,0,0,0,1,1,0,1,4,F,14,KUB5_13
1,0,0,0,1,0,1,1,4,G,14,KUB5_13
1,0,0,0,0,1,1,1,4,H,14,KUB5_13
0,1,1,1,1,0,0,0,5,A,14,KUB5_13
0,1,1,1,0,1,0,0,5,B,14,KUB5_13
0,1,1,1,0,0,1,0,5,C,14,KUB5_13
0,1,1,1,0,0,0,1,5,D,14,KUB5_13
0,1,1,0,1,1,0,0,5,E,14,KUB5_13
0,1,1,0,1,0,1,0,5,F,14,KUB5_13
0,1,1,0,1,0,0,1,5,G,14,KUB5_13
0,1,1,0,0,1,1,0,5,H,14,KUB5_13
0,1,1,0,0,1,0,1,6,A,14,KUB5_13
0,1,1,0,0,0,1,1,6,B,14,KUB5_13
0,1,0,1,1,1,0,0,6,C,14,KUB5_13
0,1,0,1,1,0,1,0,6,D,14,KUB5_13
0,1,0,1,1,0,0,1,6,E,14,KUB5_13
0,1,0,1,0,1,1,0,6,F,14,KUB5_13
0,1,0,1,0,1,0,1,6,G,14,KUB5_13
0,1,0,1,0,0,1,1,6,H,14,KUB5_13
0,1,0,0,1,1,1,0,7,A,14,KUB5_13
0,1,0,0,1,1,0,1,7,B,14,KUB5_13
0,1,0,0,1,0,1,1,7,C,14,KUB5_13
0,1,0,0,0,1,1,1,7,D,14,KUB5_13
0,0,1,1,1,1,0,0,7,E,14,KUB5_13
0,0,1,1,1,0,1,0,7,F,14,KUB5_13
0,0,1,1,1,0,0,1,7,G,14,KUB5_13
0,0,1,1,0,1,1,0,7,H,14,KUB5_13
0,0,1,1,0,1,0,1,8,A,14,KUB5_13
0,0,1,1,0,0,1,1,8,B,14,KUB5_13
0,0,1,0,1,1,1,0,8,C,14,KUB5_13
0,0,1,0,1,1,0,1,8,D,14,KUB5_13
0,0,1,0,1,0,1,1,8,E,14,KUB5_13
0,0,1,0,0,1,1,1,8,F,14,KUB5_13
0,0,0,1,1,1,1,0,8,G,14,KUB5_13
0,0,0,1,1,1,0,1,8,H,14,KUB5_13
0,0,0,1,1,0,1,1,9,A,14,KUB5_13
0,0,0,1,0,1,1,1,9,B,14,KUB5_13
0,0,0,0,1,1,1,1,9,C,14,KUB5_13
1,1,1,1,1,0,0,0,9,D,14,KUB5_13
1,1,1,1,0,1,0,0,9,E,14,KUB5_13
1,1,1,1,0,0,1,0,9,F,14,KUB5_13
1,1,1,1,0,0,0,1,9,G,14,KUB5_13
1,1,1,0,1,1,0,0,9,H,14,KUB5_13
1,1,1,0,1,0,1,0,10,A,14,KUB5_13
1,1,1,0,1,0,0,1,10,B,14,KUB5_13
1,1,1,0,0,1,1,0,10,C,14,KUB5_13
1,1,1,0,0,1,0,1,10,D,14,KUB5_13
1,1,1,0,0,0,1,1,10,E,14,KUB5_13
1,1,0,1,1,1,0,0,10,F,14,KUB5_13
1,1,0,1,1,0,1,0,10,G,14,KUB5_13
1,1,0,1,1,0,0,1,10,H,14,KUB5_13
1,1,0,1,0,1,1,0,11,A,14,KUB5_13
1,1,0,1,0,1,0,1,11,B,14,KUB5_13
1,1,0,1,0,0,1,1,11,C,14,KUB5_13
1,1,0,0,1,1,1,0,11,D,14,KUB5_13
1,1,0,0,1,1,0,1,11,E,14,KUB5_13
1,1,0,0,1,0,1,1,11,F,14,KUB5_13
1,1,0,0,0,1,1,1,11,G,14,KUB5_13
1,0,1,1,1,1,0,0,11,H,14,KUB5_13
1,0,1,1,1,0,1,0,12,A,14,KUB5_13
1,0,1,1,1,0,0,1,12,B,14,KUB5_13
1,0,1,1,0,1,1,0,12,C,14,KUB5_13
1,0,1,1,0,1,0,1,12,D,14,KUB5_13
1,0,1,1,0,0,1,1,12,E,14,KUB5_13
1,0,1,0,1,1,1,0,12,F,14,KUB5_13
1,0,1,0,1,1,0,1,12,G,14,KUB5_13
1,0,1,0,1,0,1,1,12,H,14,KUB5_13
1,0,1,0,0,1,1,1,1,A,15,KUB5_13
1,0,0,1,1,1,1,0,1,B,15,KUB5_13
1,0,0,1,1,1,0,1,1,C,15,KUB5_13
1,0,0,1,1,0,1,1,1,D,15,KUB5_13
1,0,0,1,0,1,1,1,1,E,15,KUB5_13
1,0,0,0,1,1,1,1,1,F,15,KUB5_13
0,1,1,1,1,1,0,0,1,G,15,KUB5_13
0,1,1,1,1,0,1,0,1,H,15,KUB5_13
0,1,1,1,1,0,0,1,2,A,15,KUB5_13
0,1,1,1,0,1,1,0,2,B,15,KUB5_13
0,1,1,1,0,1,0,1,2,C,15,KUB5_13
0,1,1,1,0,0,1,1,2,D,15,KUB5_13
0,1,1,0,1,1,1,0,2,E,15,KUB5_13
0,1,1,0,1,1,0,1,2,F,15,KUB5_13
0,1,1,0,1,0,1,1,2,G,15,KUB5_13
0,1,1,0,0,1,1,1,2,H,15,KUB5_13
0,1,0,1,1,1,1,0,3,A,15,KUB5_13
0,1,0,1,1,1,0,1,3,B,15,KUB5_13
0,1,0,1,1,0,1,1,3,C,15,KUB5_13
0,1,0,1,0,1,1,1,3,D,15,KUB5_13
0,1,0,0,1,1,1,1,3,E,15,KUB5_13
0,0,1,1,1,1,1,0,3,F,15,KUB5_13
0,0,1,1,1,1,0,1,3,G,15,KUB5_13
0,0,1,1,1,0,1,1,3,H,15,KUB5_13
0,0,1,1,0,1,1,1,4,A,15,KUB5_13
0,0,1,0,1,1,1,1,4,B,15,KUB5_13
0,0,0,1,1,1,1,1,4,C,15,KUB5_13
1,1,1,1,1,1,0,0,4,D,15,KUB5_13
1,1,1,1,1,0,1,0,4,E,15,KUB5_13
1,1,1,1,1,0,0,1,4,F,15,KUB5_13
1,1,1,1,0,1,1,0,4,G,15,KUB5_13
1,1,1,1,0,1,0,1,4,H,15,KUB5_13
1,1,1,1,0,0,1,1,5,A,15,KUB5_13
1,1,1,0,1,1,1,0,5,B,15,KUB5_13
1,1,1,0,1,1,0,1,5,C,15,KUB5_13
1,1,1,0,1,0,1,1,5,D,15,KUB5_13
1,1,1,0,0,1,1,1,5,E,15,KUB5_13
1,1,0,1,1,1,1,0,5,F,15,KUB5_13
1,1,0,1,1,1,0,1,5,G,15,KUB5_13
1,1,0,1,1,0,1,1,5,H,15,KUB5_13
1,1,0,1,0,1,1,1,6,A,15,KUB5_13
1,1,0,0,1,1,1,1,6,B,15,KUB5_13
1,0,1,1,1,1,1,0,6,C,15,KUB5_13
1,0,1,1,1,1,0,1,6,D,15,KUB5_13
1,0,1,1,1,0,1,1,6,E,15,KUB5_13
1,0,1,1,0,1,1,1,6,F,15,KUB5_13
1,0,1,0,1,1,1,1,6,G,15,KUB5_13
1,0,0,1,1,1,1,1,6,H,15,KUB5_13
0,1,1,1,1,1,1,0,7,A,15,KUB5_13
0,1,1,1,1,1,0,1,7,B,15,KUB5_13
0,1,1,1,1,0,1,1,7,C,15,KUB5_13
0,1,1,1,0,1,1,1,7,D,15,KUB5_13
0,1,1,0,1,1,1,1,7,E,15,KUB5_13
0,1,0,1,1,1,1,1,7,F,15,KUB5_13
0,0,1,1,1,1,1,1,7,G,15,KUB5_13
1,1,1,1,1,1,1,0,7,H,15,KUB5_13
1,1,1,1,1,1,0,1,8,A,15,KUB5_13
1,1,1,1,1,0,1,1,8,B,15,KUB5_13
1,1,1,1,0,1,1,1,8,C,15,KUB5_13
1,1,1,0,1,1,1,1,8,D,15,KUB5_13
1,1,0,1,1,1,1,1,8,E,15,KUB5_13
1,0,1,1,1,1,1,1,8,F,15,KUB5_13
0,1,1,1,1,1,1,1,8,G,15,KUB5_13
1,1,1,1,1,1,1,1,8,H,15,KUB5_13
0,0,0,0,0,0,0,0,9,A,15,KUB5_13
0,0,0,0,0,0,0,0,9,B,15,KUB5_13
0,0,0,0,0,0,0,0,9,C,15,KUB5_13
0,0,0,0,0,0,0,0,9,D,15,KUB5_13
0,0,0,0,0,0,0,0,9,E,15,KUB5_13
0,0,0,0,0,0,0,0,9,F,15,KUB5_13
0,0,0,0,0,0,0,0,9,G,15,KUB5_13
0,0,0,0,0,0,0,0,9,H,15,KUB5_13
0,0,0,0,0,0,0,0,10,A,15,KUB5_13
0,0,0,0,0,0,0,0,10,B,15,KUB5_13
0,0,0,0,0,0,0,0,10,C,15,KUB5_13
0,0,0,0,0,0,0,0,10,D,15,KUB5_13
0,0,0,0,0,0,0,0,10,E,15,KUB5_13
0,0,0,0,0,0,0,0,10,F,15,KUB5_13
0,0,0,0,0,0,0,0,10,G,15,KUB5_13
0,0,0,0,0,0,0,0,10,H,15,KUB5_13
0,0,0,0,0,0,0,0,11,A,15,KUB5_13
0,0,0,0,0,0,0,0,11,B,15,KUB5_13
0,0,0,0,0,0,0,0,11,C,15,KUB5_13
0,0,0,0,0,0,0,0,11,D,15,KUB5_13
0,0,0,0,0,0,0,0,11,E,15,KUB5_13
0,0,0,0,0,0,0,0,11,F,15,KUB5_13
0,0,0,0,0,0,0,0,11,G,15,KUB5_13
0,0,0,0,0,0,0,0,11,H,15,KUB5_13
0,0,0,0,0,0,0,0,12,A,15,KUB5_13
0,0,0,0,0,0,0,0,12,B,15,KUB5_13
0,0,0,0,0,0,0,0,12,C,15,KUB5_13
0,0,0,0,0,0,0,0,12,D,15,KUB5_13
0,0,0,0,0,0,0,0,12,E,15,KUB5_13
0,0,0,0,0,0,0,0,12,F,15,KUB5_13
0,0,0,0,0,0,0,0,12,G,15,KUB5_13
0,0,0,0,0,0,0,0,12,H,15,KUB5_13
0,0,0,0,0,0,0,0,1,A,16,KUE4_4
1,0,0,0,0,0,0,0,1,B,16,KUE4_4
0,1,0,0,0,0,0,0,1,C,16,KUE4_4
0,0,1,0,0,0,0,0,1,D,16,KUE4_4
0,0,0,1,0,0,0,0,1,E,16,KUE4_4
0,0,0,0,1,0,0,0,1,F,16,KUE4_4
0,0,0,0,0,1,0,0,1,G,16,KUE4_4
0,0,0,0,0,0,1,0,1,H,16,KUE4_4
0,0,0,0,0,0,0,1,2,A,16,KUE4_4
1,1,0,0,0,0,0,0,2,B,16,KUE4_4
1,0,1,0,0,0,0,0,2,C,16,KUE4_4
1,0,0,1,0,0,0,0,2,D,16,KUE4_4
1,0,0,0,1,0,0,0,2,E,16,KUE4_4
1,0,0,0,0,1,0,0,2,F,16,KUE4_4
1,0,0,0,0,0,1,0,2,G,16,KUE4_4
1,0,0,0,0,0,0,1,2,H,16,KUE4_4
0,1,1,0,0,0,0,0,3,A,16,KUE4_4
0,1,0,1,0,0,0,0,3,B,16,KUE4_4
0,1,0,0,1,0,0,0,3,C,16,KUE4_4
0,1,0,0,0,1,0,0,3,D,16,KUE4_4
0,1,0,0,0,0,1,0,3,E,16,KUE4_4
0,1,0,0,0,0,0,1,3,F,16,KUE4_4
0,0,1,1,0,0,0,0,3,G,16,KUE4_4
0,0,1,0,1,0,0,0,3,H,16,KUE4_4
0,0,1,0,0,1,0,0,4,A,16,KUE4_4
0,0,1,0,0,0,1,0,4,B,16,KUE4_4
0,0,1,0,0,0,0,1,4,C,16,KUE4_4
0,0,0,1,1,0,0,0,4,D,16,KUE4_4
0,0,0,1,0,1,0,0,4,E,16,KUE4_4
0,0,0,1,0,0,1,0,4,F,16,KUE4_4
0,0,0,1,0,0,0,1,4,G,16,KUE4_4
0,0,0,0,1,1,0,0,4,H,16,KUE4_4
0,0,0,0,1,0,1,0,5,A,16,KUE4_4
0,0,0,0,1,0,0,1,5,B,16,KUE4_4
0,0,0,0,0,1,1,0,5,C,16,KUE4_4
0,0,0,0,0,1,0,1,5,D,16,KUE4_4
0,0,0,0,0,0,1,1,5,E,16,KUE4_4
1,1,1,0,0,0,0,0,5,F,16,KUE4_4
1,1,0,1,0,0,0,0,5,G,16,KUE4_4
1,1,0,0,1,0,0,0,5,H,16,KUE4_4
1,1,0,0,0,1,0,0,6,A,16,KUE4_4
1,1,0,0,0,0,1,0,6,B,16,KUE4_4
1,1,0,0,0,0,0,1,6,C,16,KUE4_4
1,0,1,1,0,0,0,0,6,D,16,KUE4_4
1,0,1,0,1,0,0,0,6,E,16,KUE4_4
1,0,1,0,0,1,0,0,6,F,16,KUE4_4
1,0,1,0,0,0,1,0,6,G,16,KUE4_4
1,0,1,0,0,0,0,1,6,H,16,KUE4_4
1,0,0,1,1,0,0,0,7,A,16,KUE4_4
1,0,0,1,0,1,0,0,7,B,16,KUE4_4
1,0,0,1,0,0,1,0,7,C,16,KUE4_4
1,0,0,1,0,0,0,1,7,D,16,KUE4_4
1,0,0,0,1,1,0,0,7,E,16,KUE4_4
1,0,0,0,1,0,1,0,7,F,16,KUE4_4
1,0,0,0,1,0,0,1,7,G,16,KUE4_4
1,0,0,0,0,1,1,0,7,H,16,KUE4_4
1,0,0,0,0,1,0,1,8,A,16,KUE4_4
1,0,0,0,0,0,1,1,8,B,16,KUE4_4
0,1,1,1,0,0,0,0,8,C,16,KUE4_4
0,1,1,0,1,0,0,0,8,D,16,KUE4_4
0,1,1,0,0,1,0,0,8,E,16,KUE4_4
0,1,1,0,0,0,1,0,8,F,16,KUE4_4
0,1,1,0,0,0,0,1,8,G,16,KUE4_4
0,1,0,1,1,0,0,0,8,H,16,KUE4_4
0,1,0,1,0,1,0,0,9,A,16,KUE4_4
0,1,0,1,0,0,1,0,9,B,16,KUE4_4
0,1,0,1,0,0,0,1,9,C,16,KUE4_4
0,1,0,0,1,1,0,0,9,D,16,KUE4_4
0,1,0,0,1,0,1,0,9,E,16,KUE4_4
0,1,0,0,1,0,0,1,9,F,16,KUE4_4
0,1,0,0,0,1,1,0,9,G,16,KUE4_4
0,1,0,0,0,1,0,1,9,H,16,KUE4_4
0,1,0,0,0,0,1,1,10,A,16,KUE4_4
0,0,1,1,1,0,0,0,10,B,16,KUE4_4
0,0,1,1,0,1,0,0,10,C,16,KUE4_4
0,0,1,1,0,0,1,0,10,D,16,KUE4_4
0,0,1,1,0,0,0,1,10,E,16,KUE4_4
0,0,1,0,1,1,0,0,10,F,16,KUE4_4
0,0,1,0,1,0,1,0,10,G,16,KUE4_4
0,0,1,0,1,0,0,1,10,H,16,KUE4_4
0,0,1,0,0,1,1,0,11,A,16,KUE4_4
0,0,1,0,0,1,0,1,11,B,16,KUE4_4
0,0,1,0,0,0,1,1,11,C,16,KUE4_4
0,0,0,1,1,1,0,0,11,D,16,KUE4_4
0,0,0,1,1,0,1,0,11,E,16,KUE4_4
0,0,0,1,1,0,0,1,11,F,16,KUE4_4
0,0,0,1,0,1,1,0,11,G,16,KUE4_4
0,0,0,1,0,1,0,1,11,H,16,KUE4_4
0,0,0,1,0,0,1,1,12,A,16,KUE4_4
0,0,0,0,1,1,1,0,12,B,16,KUE4_4
0,0,0,0,1,1,0,1,12,C,16,KUE4_4
0,0,0,0,1,0,1,1,12,D,16,KUE4_4
0,0,0,0,0,1,1,1,12,E,16,KUE4_4
1,1,1,1,0,0,0,0,12,F,16,KUE4_4
1,1,1,0,1,0,0,0,12,G,16,KUE4_4
1,1,1,0,0,1,0,0,12,H,16,KUE4_4
1,1,1,0,0,0,1,0,1,A,17,KUE4_4
1,1,1,0,0,0,0,1,1,B,17,KUE4_4
1,1,0,1,1,0,0,0,1,C,17,KUE4_4
1,1,0,1,0,1,0,0,1,D,17,KUE4_4
1,1,0,1,0,0,1,0,1,E,17,KUE4_4
1,1,0,1,0,0,0,1,1,F,17,KUE4_4
1,1,0,0,1,1,0,0,1,G,17,KUE4_4
1,1,0,0,1,0,1,0,1,H,17,KUE4_4
1,1,0,0,1,0,0,1,2,A,17,KUE4_4
1,1,0,0,0,1,1,0,2,B,17,KUE4_4
1,1,0,0,0,1,0,1,2,C,17,KUE4_4
1,1,0,0,0,0,1,1,2,D,17,KUE4_4
1,0,1,1,1,0,0,0,2,E,17,KUE4_4
1,0,1,1,0,1,0,0,2,F,17,KUE4_4
1,0,1,1,0,0,1,0,2,G,17,KUE4_4
1,0,1,1,0,0,0,1,2,H,17,KUE4_4
1,0,1,0,1,1,0,0,3,A,17,KUE4_4
1,0,1,0,1,0,1,0,3,B,17,KUE4_4
1,0,1,0,1,0,0,1,3,C,17,KUE4_4
1,0,1,0,0,1,1,0,3,D,17,KUE4_4
1,0,1,0,0,1,0,1,3,E,17,KUE4_4
1,0,1,0,0,0,1,1,3,F,17,KUE4_4
1,0,0,1,1,1,0,0,3,G,17,KUE4_4
1,0,0,1,1,0,1,0,3,H,17,KUE4_4
1,0,0,1,1,0,0,1,4,A,17,KUE4_4
1,0,0,1,0,1,1,0,4,B,17,KUE4_4
1,0,0,1,0,1,0,1,4,C,17,KUE4_4
1,0,0,1,0,0,1,1,4,D,17,KUE4_4
1,0,0,0,1,1,1,0,4,E,17,KUE4_4
1,0,0,0,1,1,0,1,4,F,17,KUE4_4
1,0,0,0,1,0,1,1,4,G,17,KUE4_4
1,0,0,0,0,1,1,1,4,H,17,KUE4_4
0,1,1,1,1,0,0,0,5,A,17,KUE4_4
0,1,1,1,0,1,0,0,5,B,17,KUE4_4
0,1,1,1,0,0,1,0,5,C,17,KUE4_4
0,1,1,1,0,0,0,1,5,D,17,KUE4_4
0,1,1,0,1,1,0,0,5,E,17,KUE4_4
0,1,1,0,1,0,1,0,5,F,17,KUE4_4
0,1,1,0,1,0,0,1,5,G,17,KUE4_4
0,1,1,0,0,1,1,0,5,H,17,KUE4_4
0,1,1,0,0,1,0,1,6,A,17,KUE4_4
0,1,1,0,0,0,1,1,6,B,17,KUE4_4
0,1,0,1,1,1,0,0,6,C,17,KUE4_4
0,1,0,1,1,0,1,0,6,D,17,KUE4_4
0,1,0,1,1,0,0,1,6,E,17,KUE4_4
0,1,0,1,0,1,1,0,6,F,17,KUE4_4
0,1,0,1,0,1,0,1,6,G,17,KUE4_4
0,1,0,1,0,0,1,1,6,H,17,KUE4_4
0,1,0,0,1,1,1,0,7,A,17,KUE4_4
0,1,0,0,1,1,0,1,7,B,17,KUE4_4
0,1,0,0,1,0,1,1,7,C,17,KUE4_4
0,1,0,0,0,1,1,1,7,D,17,KUE4_4
0,0,1,1,1,1,0,0,7,E,17,KUE4_4
0,0,1,1,1,0,1,0,7,F,17,KUE4_4
0,0,1,1,1,0,0,1,7,G,17,KUE4_4
0,0,1,1,0,1,1,0,7,H,17,KUE4_4
0,0,1,1,0,1,0,1,8,A,17,KUE4_4
0,0,1,1,0,0,1,1,8,B,17,KUE4_4
0,0,1,0,1,1,1,0,8,C,17,KUE4_4
0,0,1,0,1,1,0,1,8,D,17,KUE4_4
0,0,1,0,1,0,1,1,8,E,17,KUE4_4
0,0,1,0,0,1,1,1,8,F,17,KUE4_4
0,0,0,1,1,1,1,0,8,G,17,KUE4_4
0,0,0,1,1,1,0,1,8,H,17,KUE4_4
0,0,0,1,1,0,1,1,9,A,17,KUE4_4
0,0,0,1,0,1,1,1,9,B,17,KUE4_4
0,0,0,0,1,1,1,1,9,C,17,KUE4_4
1,1,1,1,1,0,0,0,9,D,17,KUE4_4
1,1,1,1,0,1,0,0,9,E,17,KUE4_4
1,1,1,1,0,0,1,0,9,F,17,KUE4_4
1,1,1,1,0,0,0,1,9,G,17,KUE4_4
1,1,1,0,1,1,0,0,9,H,17,KUE4_4
1,1,1,0,1,0,1,0,10,A,17,KUE4_4
1,1,1,0,1,0,0,1,10,B,17,KUE4_4
1,1,1,0,0,1,1,0,10,C,17,KUE4_4
1,1,1,0,0,1,0,1,10,D,17,KUE4_4
1,1,1,0,0,0,1,1,10,E,17,KUE4_4
1,1,0,1,1,1,0,0,10,F,17,KUE4_4
1,1,0,1,1,0,1,0,10,G,17,KUE4_4
1,1,0,1,1,0,0,1,10,H,17,KUE4_4
1,1,0,1,0,1,1,0,11,A,17,KUE4_4
1,1,0,1,0,1,0,1,11,B,17,KUE4_4
1,1,0,1,0,0,1,1,11,C,17,KUE4_4
1,1,0,0,1,1,1,0,11,D,17,KUE4_4
1,1,0,0,1,1,0,1,11,E,17,KUE4_4
1,1,0,0,1,0,1,1,11,F,17,KUE4_4
1,1,0,0,0,1,1,1,11,G,17,KUE4_4
1,0,1,1,1,1,0,0,11,H,17,KUE4_4
1,0,1,1,1,0,1,0,12,A,17,KUE4_4
1,0,1,1,1,0,0,1,12,B,17,KUE4_4
1,0,1,1,0,1,1,0,12,C,17,KUE4_4
1,0,1,1,0,1,0,1,12,D,17,KUE4_4
1,0,1,1,0,0,1,1,12,E,17,KUE4_4
1,0,1,0,1,1,1,0,12,F,17,KUE4_4
1,0,1,0,1,1,0,1,12,G,17,KUE4_4
1,0,1,0,1,0,1,1,12,H,17,KUE4_4
1,0,1,0,0,1,1,1,1,A,18,KUE4_4
1,0,0,1,1,1,1,0,1,B,18,KUE4_4
1,0,0,1,1,1,0,1,1,C,18,KUE4_4
1,0,0,1,1,0,1,1,1,D,18,KUE4_4
1,0,0,1,0,1,1,1,1,E,18,KUE4_4
1,0,0,0,1,1,1,1,1,F,18,KUE4_4
0,1,1,1,1,1,0,0,1,G,18,KUE4_4
0,1,1,1,1,0,1,0,1,H,18,KUE4_4
0,1,1,1,1,0,0,1,2,A,18,KUE4_4
0,1,1,1,0,1,1,0,2,B,18,KUE4_4
0,1,1,1,0,1,0,1,2,C,18,KUE4_4
0,1,1,1,0,0,1,1,2,D,18,KUE4_4
0,1,1,0,1,1,1,0,2,E,18,KUE4_4
0,1,1,0,1,1,0,1,2,F,18,KUE4_4
0,1,1,0,1,0,1,1,2,G,18,KUE4_4
0,1,1,0,0,1,1,1,2,H,18,KUE4_4
0,1,0,1,1,1,1,0,3,A,18,KUE4_4
0,1,0,1,1,1,0,1,3,B,18,KUE4_4
0,1,0,1,1,0,1,1,3,C,18,KUE4_4
0,1,0,1,0,1,1,1,3,D,18,KUE4_4
0,1,0,0,1,1,1,1,3,E,18,KUE4_4
0,0,1,1,1,1,1,0,3,F,18,KUE4_4
0,0,1,1,1,1,0,1,3,G,18,KUE4_4
0,0,1,1,1,0,1,1,3,H,18,KUE4_4
0,0,1,1,0,1,1,1,4,A,18,KUE4_4
0,0,1,0,1,1,1,1,4,B,18,KUE4_4
0,0,0,1,1,1,1,1,4,C,18,KUE4_4
1,1,1,1,1,1,0,0,4,D,18,KUE4_4
1,1,1,1,1,0,1,0,4,E,18,KUE4_4
1,1,1,1,1,0,0,1,4,F,18,KUE4_4
1,1,1,1,0,1,1,0,4,G,18,KUE4_4
1,1,1,1,0,1,0,1,4,H,18,KUE4_4
1,1,1,1,0,0,1,1,5,A,18,KUE4_4
1,1,1,0,1,1,1,0,5,B,18,KUE4_4
1,1,1,0,1,1,0,1,5,C,18,KUE4_4
1,1,1,0,1,0,1,1,5,D,18,KUE4_4
1,1,1,0,0,1,1,1,5,E,18,KUE4_4
1,1,0,1,1,1,1,0,5,F,18,KUE4_4
1,1,0,1,1,1,0,1,5,G,18,KUE4_4
1,1,0,1,1,0,1,1,5,H,18,KUE4_4
1,1,0,1,0,1,1,1,6,A,18,KUE4_4
1,1,0,0,1,1,1,1,6,B,18,KUE4_4
1,0,1,1,1,1,1,0,6,C,18,KUE4_4
1,0,1,1,1,1,0,1,6,D,18,KUE4_4
1,0,1,1,1,0,1,1,6,E,18,KUE4_4
1,0,1,1,0,1,1,1,6,F,18,KUE4_4
1,0,1,0,1,1,1,1,6,G,18,KUE4_4
1,0,0,1,1,1,1,1,6,H,18,KUE4_4
0,1,1,1,1,1,1,0,7,A,18,KUE4_4
0,1,1,1,1,1,0,1,7,B,18,KUE4_4
0,1,1,1,1,0,1,1,7,C,18,KUE4_4
0,1,1,1,0,1,1,1,7,D,18,KUE4_4
0,1,1,0,1,1,1,1,7,E,18,KUE4_4
0,1,0,1,1,1,1,1,7,F,18,KUE4_4
0,0,1,1,1,1,1,1,7,G,18,KUE4_4
1,1,1,1,1,1,1,0,7,H,18,KUE4_4
1,1,1,1,1,1,0,1,8,A,18,KUE4_4
1,1,1,1,1,0,1,1,8,B,18,KUE4_4
1,1,1,1,0,1,1,1,8,C,18,KUE4_4
1,1,1,0,1,1,1,1,8,D,18,KUE4_4
1,1,0,1,1,1,1,1,8,E,18,KUE4_4
1,0,1,1,1,1,1,1,8,F,18,KUE4_4
0,1,1,1,1,1,1,1,8,G,18,KUE4_4
1,1,1,1,1,1,1,1,8,H,18,KUE4_4
0,0,0,0,0,0,0,0,9,A,18,KUE4_4
0,0,0,0,0,0,0,0,9,B,18,KUE4_4
0,0,0,0,0,0,0,0,9,C,18,KUE4_4
0,0,0,0,0,0,0,0,9,D,18,KUE4_4
0,0,0,0,0,0,0,0,9,E,18,KUE4_4
0,0,0,0,0,0,0,0,9,F,18,KUE4_4
0,0,0,0,0,0,0,0,9,G,18,KUE4_4
0,0,0,0,0,0,0,0,9,H,18,KUE4_4
0,0,0,0,0,0,0,0,10,A,18,KUE4_4
0,0,0,0,0,0,0,0,10,B,18,KUE4_4
0,0,0,0,0,0,0,0,10,C,18,KUE4_4
0,0,0,0,0,0,0,0,10,D,18,KUE4_4
0,0,0,0,0,0,0,0,10,E,18,KUE4_4
0,0,0,0,0,0,0,0,10,F,18,KUE4_4
0,0,0,0,0,0,0,0,10,G,18,KUE4_4
0,0,0,0,0,0,0,0,10,H,18,KUE4_4
0,0,0,0,0,0,0,0,11,A,18,KUE4_4
0,0,0,0,0,0,0,0,11,B,18,KUE4_4
0,0,0,0,0,0,0,0,11,C,18,KUE4_4
0,0,0,0,0,0,0,0,11,D,18,KUE4_4
0,0,0,0,0,0,0,0,11,E,18,KUE4_4
0,0,0,0,0,0,0,0,11,F,18,KUE4_4
0,0,0,0,0,0,0,0,11,G,18,KUE4_4
0,0,0,0,0,0,0,0,11,H,18,KUE4_4
0,0,0,0,0,0,0,0,12,A,18,KUE4_4
0,0,0,0,0,0,0,0,12,B,18,KUE4_4
0,0,0,0,0,0,0,0,12,C,18,KUE4_4
0,0,0,0,0,0,0,0,12,D,18,KUE4_4
0,0,0,0,0,0,0,0,12,E,18,KUE4_4
0,0,0,0,0,0,0,0,12,F,18,KUE4_4
0,0,0,0,0,0,0,0,12,G,18,KUE4_4
0,0,0,0,0,0,0,0,12,H,18,KUE4_4
0,0,0,0,0,0,0,0,1,A,19,OP50
1,0,0,0,0,0,0,0,1,B,19,OP50
0,1,0,0,0,0,0,0,1,C,19,OP50
0,0,1,0,0,0,0,0,1,D,19,OP50
0,0,0,1,0,0,0,0,1,E,19,OP50
0,0,0,0,1,0,0,0,1,F,19,OP50
0,0,0,0,0,1,0,0,1,G,19,OP50
0,0,0,0,0,0,1,0,1,H,19,OP50
0,0,0,0,0,0,0,1,2,A,19,OP50
1,1,0,0,0,0,0,0,2,B,19,OP50
1,0,1,0,0,0,0,0,2,C,19,OP50
1,0,0,1,0,0,0,0,2,D,19,OP50
1,0,0,0,1,0,0,0,2,E,19,OP50
1,0,0,0,0,1,0,0,2,F,19,OP50
1,0,0,0,0,0,1,0,2,G,19,OP50
1,0,0,0,0,0,0,1,2,H,19,OP50
0,1,1,0,0,0,0,0,3,A,19,OP50
0,1,0,1,0,0,0,0,3,B,19,OP50
0,1,0,0,1,0,0,0,3,C,19,OP50
0,1,0,0,0,1,0,0,3,D,19,OP50
0,1,0,0,0,0,1,0,3,E,19,OP50
0,1,0,0,0,0,0,1,3,F,19,OP50
0,0,1,1,0,0,0,0,3,G,19,OP50
0,0,1,0,1,0,0,0,3,H,19,OP50
0,0,1,0,0,1,0,0,4,A,19,OP50
0,0,1,0,0,0,1,0,4,B,19,OP50
0,0,1,0,0,0,0,1,4,C,19,OP50
0,0,0,1,1,0,0,0,4,D,19,OP50
0,0,0,1,0,1,0,0,4,E,19,OP50
0,0,0,1,0,0,1,0,4,F,19,OP50
0,0,0,1,0,0,0,1,4,G,19,OP50
0,0,0,0,1,1,0,0,4,H,19,OP50
0,0,0,0,1,0,1,0,5,A,19,OP50
0,0,0,0,1,0,0,1,5,B,19,OP50
0,0,0,0,0,1,1,0,5,C,19,OP50
0,0,0,0,0,1,0,1,5,D,19,OP50
0,0,0,0,0,0,1,1,5,E,19,OP50
1,1,1,0,0,0,0,0,5,F,19,OP50
1,1,0,1,0,0,0,0,5,G,19,OP50
1,1,0,0,1,0,0,0,5,H,19,OP50
1,1,0,0,0,1,0,0,6,A,19,OP50
1,1,0,0,0,0,1,0,6,B,19,OP50
1,1,0,0,0,0,0,1,6,C,19,OP50
1,0,1,1,0,0,0,0,6,D,19,OP50
1,0,1,0,1,0,0,0,6,E,19,OP50
1,0,1,0,0,1,0,0,6,F,19,OP50
1,0,1,0,0,0,1,0,6,G,19,OP50
1,0,1,0,0,0,0,1,6,H,19,OP50
1,0,0,1,1,0,0,0,7,A,19,OP50
1,0,0,1,0,1,0,0,7,B,19,OP50
1,0,0,1,0,0,1,0,7,C,19,OP50
1,0,0,1,0,0,0,1,7,D,19,OP50
1,0,0,0,1,1,0,0,7,E,19,OP50
1,0,0,0,1,0,1,0,7,F,19,OP50
1,0,0,0,1,0,0,1,7,G,19,OP50
1,0,0,0,0,1,1,0,7,H,19,OP50
1,0,0,0,0,1,0,1,8,A,19,OP50
1,0,0,0,0,0,1,1,8,B,19,OP50
0,1,1,1,0,0,0,0,8,C,19,OP50
0,1,1,0,1,0,0,0,8,D,19,OP50
0,1,1,0,0,1,0,0,8,E,19,OP50
0,1,1,0,0,0,1,0,8,F,19,OP50
0,1,1,0,0,0,0,1,8,G,19,OP50
0,1,0,1,1,0,0,0,8,H,19,OP50
0,1,0,1,0,1,0,0,9,A,19,OP50
0,1,0,1,0,0,1,0,9,B,19,OP50
0,1,0,1,0,0,0,1,9,C,19,OP50
0,1,0,0,1,1,0,0,9,D,19,OP50
0,1,0,0,1,0,1,0,9,E,19,OP50
0,1,0,0,1,0,0,1,9,F,19,OP50
0,1,0,0,0,1,1,0,9,G,19,OP50
0,1,0,0,0,1,0,1,9,H,19,OP50
0,1,0,0,0,0,1,1,10,A,19,OP50
0,0,1,1,1,0,0,0,10,B,19,OP50
0,0,1,1,0,1,0,0,10,C,19,OP50
0,0,1,1,0,0,1,0,10,D,19,OP50
0,0,1,1,0,0,0,1,10,E,19,OP50
0,0,1,0,1,1,0,0,10,F,19,OP50
0,0,1,0,1,0,1,0,10,G,19,OP50
0,0,1,0,1,0,0,1,10,H,19,OP50
0,0,1,0,0,1,1,0,11,A,19,OP50
0,0,1,0,0,1,0,1,11,B,19,OP50
0,0,1,0,0,0,1,1,11,C,19,OP50
0,0,0,1,1,1,0,0,11,D,19,OP50
0,0,0,1,1,0,1,0,11,E,19,OP50
0,0,0,1,1,0,0,1,11,F,19,OP50
0,0,0,1,0,1,1,0,11,G,19,OP50
0,0,0,1,0,1,0,1,11,H,19,OP50
0,0,0,1,0,0,1,1,12,A,19,OP50
0,0,0,0,1,1,1,0,12,B,19,OP50
0,0,0,0,1,1,0,1,12,C,19,OP50
0,0,0,0,1,0,1,1,12,D,19,OP50
0,0,0,0,0,1,1,1,12,E,19,OP50
1,1,1,1,0,0,0,0,12,F,19,OP50
1,1,1,0,1,0,0,0,12,G,19,OP50
1,1,1,0,0,1,0,0,12,H,19,OP50
1,1,1,0,0,0,1,0,1,A,20,OP50
1,1,1,0,0,0,0,1,1,B,20,OP50
1,1,0,1,1,0,0,0,1,C,20,OP50
1,1,0,1,0,1,0,0,1,D,20,OP50
1,1,0,1,0,0,1,0,1,E,20,OP50
1,1,0,1,0,0,0,1,1,F,20,OP50
1,1,0,0,1,1,0,0,1,G,20,OP50
1,1,0,0,1,0,1,0,1,H,20,OP50
1,1,0,0,1,0,0,1,2,A,20,OP50
1,1,0,0,0,1,1,0,2,B,20,OP50
1,1,0,0,0,1,0,1,2,C,20,OP50
1,1,0,0,0,0,1,1,2,D,20,OP50
1,0,1,1,1,0,0,0,2,E,20,OP50
1,0,1,1,0,1,0,0,2,F,20,OP50
1,0,1,1,0,0,1,0,2,G,20,OP50
1,0,1,1,0,0,0,1,2,H,20,OP50
1,0,1,0,1,1,0,0,3,A,20,OP50
1,0,1,0,1,0,1,0,3,B,20,OP50
1,0,1,0,1,0,0,1,3,C,20,OP50
1,0,1,0,0,1,1,0,3,D,20,OP50
1,0,1,0,0,1,0,1,3,E,20,OP50
1,0,1,0,0,0,1,1,3,F,20,OP50
1,0,0,1,1,1,0,0,3,G,20,OP50
1,0,0,1,1,0,1,0,3,H,20,OP50
1,0,0,1,1,0,0,1,4,A,20,OP50
1,0,0,1,0,1,1,0,4,B,20,OP50
1,0,0,1,0,1,0,1,4,C,20,OP50
1,0,0,1,0,0,1,1,4,D,20,OP50
1,0,0,0,1,1,1,0,4,E,20,OP50
1,0,0,0,1,1,0,1,4,F,20,OP50
1,0,0,0,1,0,1,1,4,G,20,OP50
1,0,0,0,0,1,1,1,4,H,20,OP50
0,1,1,1,1,0,0,0,5,A,20,OP50
0,1,1,1,0,1,0,0,5,B,20,OP50
0,1,1,1,0,0,1,0,5,C,20,OP50
0,1,1,1,0,0,0,1,5,D,20,OP50
0,1,1,0,1,1,0,0,5,E,20,OP50
0,1,1,0,1,0,1,0,5,F,20,OP50
0,1,1,0,1,0,0,1,5,G,20,OP50
0,1,1,0,0,1,1,0,5,H,20,OP50
0,1,1,0,0,1,0,1,6,A,20,OP50
0,1,1,0,0,0,1,1,6,B,20,OP50
0,1,0,1,1,1,0,0,6,C,20,OP50
0,1,0,1,1,0,1,0,6,D,20,OP50
0,1,0,1,1,0,0,1,6,E,20,OP50
0,1,0,1,0,1,1,0,6,F,20,OP50
0,1,0,1,0,1,0,1,6,G,20,OP50
0,1,0,1,0,0,1,1,6,H,20,OP50
0,1,0,0,1,1,1,0,7,A,20,OP50
0,1,0,0,1,1,0,1,7,B,20,OP50
0,1,0,0,1,0,1,1,7,C,20,OP50
0,1,0,0,0,1,1,1,7,D,20,OP50
0,0,1,1,1,1,0,0,7,E,20,OP50
0,0,1,1,1,0,1,0,7,F,20,OP50
0,0,1,1,1,0,0,1,7,G,20,OP50
0,0,1,1,0,1,1,0,7,H,20,OP50
0,0,1,1,0,1,0,1,8,A,20,OP50
0,0,1,1,0,0,1,1,8,B,20,OP50
0,0,1,0,1,1,1,0,8,C,20,OP50
0,0,1,0,1,1,0,1,8,D,20,OP50
0,0,1,0,1,0,1,1,8,E,20,OP50
0,0,1,0,0,1,1,1,8,F,20,OP50
0,0,0,1,1,1,1,0,8,G,20,OP50
0,0,0,1,1,1,0,1,8,H,20,OP50
0,0,0,1,1,0,1,1,9,A,20,OP50
0,0,0,1,0,1,1,1,9,B,20,OP50
0,0,0,0,1,1,1,1,9,C,20,OP50
1,1,1,1,1,0,0,0,9,D,20,OP50
1,1,1,1,0,1,0,0,9,E,20,OP50
1,1,1,1,0,0,1,0,9,F,20,OP50
1,1,1,1,0,0,0,1,9,G,20,OP50
1,1,1,0,1,1,0,0,9,H,20,OP50
1,1,1,0,1,0,1,0,10,A,20,OP50
1,1,1,0,1,0,0,1,10,B,20,OP50
1,1,1,0,0,1,1,0,10,C,20,OP50
1,1,1,0,0,1,0,1,10,D,20,OP50
1,1,1,0,0,0,1,1,10,E,20,OP50
1,1,0,1,1,1,0,0,10,F,20,OP50
1,1,0,1,1,0,1,0,10,G,20,OP50
1,1,0,1,1,0,0,1,10,H,20,OP50
1,1,0,1,0,1,1,0,11,A,20,OP50
1,1,0,1,0,1,0,1,11,B,20,OP50
1,1,0,1,0,0,1,1,11,C,20,OP50
1,1,0,0,1,1,1,0,11,D,20,OP50
1,1,0,0,1,1,0,1,11,E,20,OP50
1,1,0,0,1,0,1,1,11,F,20,OP50
1,1,0,0,0,1,1,1,11,G,20,OP50
1,0,1,1,1,1,0,0,11,H,20,OP50
1,0,1,1,1,0,1,0,12,A,20,OP50
1,0,1,1,1,0,0,1,12,B,20,OP50
1,0,1,1,0,1,1,0,12,C,20,OP50
1,0,1,1,0,1,0,1,12,D,20,OP50
1,0,1,1,0,0,1,1,12,E,20,OP50
1,0,1,0,1,1,1,0,12,F,20,OP50
1,0,1,0,1,1,0,1,12,G,20,OP50
1,0,1,0,1,0,1,1,12,H,20,OP50
1,0,1,0,0,1,1,1,1,A,21,OP50
1,0,0,1,1,1,1,0,1,B,21,OP50
1,0,0,1,1,1,0,1,1,C,21,OP50
1,0,0,1,1,0,1,1,1,D,21,OP50
1,0,0,1,0,1,1,1,1,E,21,OP50
1,0,0,0,1,1,1,1,1,F,21,OP50
0,1,1,1,1,1,0,0,1,G,21,OP50
0,1,1,1,1,0,1,0,1,H,21,OP50
0,1,1,1,1,0,0,1,2,A,21,OP50
0,1,1,1,0,1,1,0,2,B,21,OP50
0,1,1,1,0,1,0,1,2,C,21,OP50
0,1,1,1,0,0,1,1,2,D,21,OP50
0,1,1,0,1,1,1,0,2,E,21,OP50
0,1,1,0,1,1,0,1,2,F,21,OP50
0,1,1,0,1,0,1,1,2,G,21,OP50
0,1,1,0,0,1,1,1,2,H,21,OP50
0,1,0,1,1,1,1,0,3,A,21,OP50
0,1,0,1,1,1,0,1,3,B,21,OP50
0,1,0,1,1,0,1,1,3,C,21,OP50
0,1,0,1,0,1,1,1,3,D,21,OP50
0,1,0,0,1,1,1,1,3,E,21,OP50
0,0,1,1,1,1,1,0,3,F,21,OP50
0,0,1,1,1,1,0,1,3,G,21,OP50
0,0,1,1,1,0,1,1,3,H,21,OP50
0,0,1,1,0,1,1,1,4,A,21,OP50
0,0,1,0,1,1,1,1,4,B,21,OP50
0,0,0,1,1,1,1,1,4,C,21,OP50
1,1,1,1,1,1,0,0,4,D,21,OP50
1,1,1,1,1,0,1,0,4,E,21,OP50
1,1,1,1,1,0,0,1,4,F,21,OP50
1,1,1,1,0,1,1,0,4,G,21,OP50
1,1,1,1,0,1,0,1,4,H,21,OP50
1,1,1,1,0,0,1,1,5,A,21,OP50
1,1,1,0,1,1,1,0,5,B,21,OP50
1,1,1,0,1,1,0,1,5,C,21,OP50
1,1,1,0,1,0,1,1,5,D,21,OP50
1,1,1,0,0,1,1,1,5,E,21,OP50
1,1,0,1,1,1,1,0,5,F,21,OP50
1,1,0,1,1,1,0,1,5,G,21,OP50
1,1,0,1,1,0,1,1,5,H,21,OP50
1,1,0,1,0,1,1,1,6,A,21,OP50
1,1,0,0,1,1,1,1,6,B,21,OP50
1,0,1,1,1,1,1,0,6,C,21,OP50
1,0,1,1,1,1,0,1,6,D,21,OP50
1,0,1,1,1,0,1,1,6,E,21,OP50
1,0,1,1,0,1,1,1,6,F,21,OP50
1,0,1,0,1,1,1,1,6,G,21,OP50
1,0,0,1,1,1,1,1,6,H,21,OP50
0,1,1,1,1,1,1,0,7,A,21,OP50
0,1,1,1,1,1,0,1,7,B,21,OP50
0,1,1,1,1,0,1,1,7,C,21,OP50
0,1,1,1,0,1,1,1,7,D,21,OP50
0,1,1,0,1,1,1,1,7,E,21,OP50
0,1,0,1,1,1,1,1,7,F,21,OP50
0,0,1,1,1,1,1,1,7,G,21,OP50
1,1,1,1,1,1,1,0,7,H,21,OP50
1,1,1,1,1,1,0,1,8,A,21,OP50
1,1,1,1,1,0,1,1,8,B,21,OP50
1,1,1,1,0,1,1,1,8,C,21,OP50
1,1,1,0,1,1,1,1,8,D,21,OP50
1,1,0,1,1,1,1,1,8,E,21,OP50
1,0,1,1,1,1,1,1,8,F,21,OP50
0,1,1,1,1,1,1,1,8,G,21,OP50
1,1,1,1,1,1,1,1,8,H,21,OP50
0,0,0,0,0,0,0,0,9,A,21,OP50
0,0,0,0,0,0,0,0,9,B,21,OP50
0,0,0,0,0,0,0,0,9,C,21,OP50
0,0,0,0,0,0,0,0,9,D,21,OP50
0,0,0,0,0,0,0,0,9,E,21,OP50
0,0,0,0,0,0,0,0,9,F,21,OP50
0,0,0,0,0,0,0,0,9,G,21,OP50
0,0,0,0,0,0,0,0,9,H,21,OP50
0,0,0,0,0,0,0,0,10,A,21,OP50
0,0,0,0,0,0,0,0,10,B,21,OP50
0,0,0,0,0,0,0,0,10,C,21,OP50
0,0,0,0,0,0,0,0,10,D,21,OP50
0,0,0,0,0,0,0,0,10,E,21,OP50
0,0,0,0,0,0,0,0,10,F,21,OP50
0,0,0,0,0,0,0,0,10,G,21,OP50
0,0,0,0,0,0,0,0,10,H,21,OP50
0,0,0,0,0,0,0,0,11,A,21,OP50
0,0,0,0,0,0,0,0,11,B,21,OP50
0,0,0,0,0,0,0,0,11,C,21,OP50
0,0,0,0,0,0,0,0,11,D,21,OP50
0,0,0,0,0,0,0,0,11,E,21,OP50
0,0,0,0,0,0,0,0,11,F,21,OP50
0,0,0,0,0,0,0,0,11,G,21,OP50
0,0,0,0,0,0,0,0,11,H,21,OP50
0,0,0,0,0,0,0,0,12,A,21,OP50
0,0,0,0,0,0,0,0,12,B,21,OP50
0,0,0,0,0,0,0,0,12,C,21,OP50
0,0,0,0,0,0,0,0,12,D,21,OP50
0,0,0,0,0,0,0,0,12,E,21,OP50
0,0,0,0,0,0,0,0,12,F,21,OP50
0,0,0,0,0,0,0,0,12,G,21,OP50
0,0,0,0,0,0,0,0,12,H,21,OP50
0,0,0,0,0,0,0,0,1,A,22,SC
1,0,0,0,0,0,0,0,1,B,22,SC
0,1,0,0,0,0,0,0,1,C,22,SC
0,0,1,0,0,0,0,0,1,D,22,SC
0,0,0,1,0,0,0,0,1,E,22,SC
0,0,0,0,1,0,0,0,1,F,22,SC
0,0,0,0,0,1,0,0,1,G,22,SC
0,0,0,0,0,0,1,0,1,H,22,SC
0,0,0,0,0,0,0,1,2,A,22,SC
1,1,0,0,0,0,0,0,2,B,22,SC
1,0,1,0,0,0,0,0,2,C,22,SC
1,0,0,1,0,0,0,0,2,D,22,SC
1,0,0,0,1,0,0,0,2,E,22,SC
1,0,0,0,0,1,0,0,2,F,22,SC
1,0,0,0,0,0,1,0,2,G,22,SC
1,0,0,0,0,0,0,1,2,H,22,SC
0,1,1,0,0,0,0,0,3,A,22,SC
0,1,0,1,0,0,0,0,3,B,22,SC
0,1,0,0,1,0,0,0,3,C,22,SC
0,1,0,0,0,1,0,0,3,D,22,SC
0,1,0,0,0,0,1,0,3,E,22,SC
0,1,0,0,0,0,0,1,3,F,22,SC
0,0,1,1,0,0,0,0,3,G,22,SC
0,0,1,0,1,0,0,0,3,H,22,SC
0,0,1,0,0,1,0,0,4,A,22,SC
0,0,1,0,0,0,1,0,4,B,22,SC
0,0,1,0,0,0,0,1,4,C,22,SC
0,0,0,1,1,0,0,0,4,D,22,SC
0,0,0,1,0,1,0,0,4,E,22,SC
0,0,0,1,0,0,1,0,4,F,22,SC
0,0,0,1,0,0,0,1,4,G,22,SC
0,0,0,0,1,1,0,0,4,H,22,SC
0,0,0,0,1,0,1,0,5,A,22,SC
0,0,0,0,1,0,0,1,5,B,22,SC
0,0,0,0,0,1,1,0,5,C,22,SC
0,0,0,0,0,1,0,1,5,D,22,SC
0,0,0,0,0,0,1,1,5,E,22,SC
1,1,1,0,0,0,0,0,5,F,22,SC
1,1,0,1,0,0,0,0,5,G,22,SC
1,1,0,0,1,0,0,0,5,H,22,SC
1,1,0,0,0,1,0,0,6,A,22,SC
1,1,0,0,0,0,1,0,6,B,22,SC
1,1,0,0,0,0,0,1,6,C,22,SC
1,0,1,1,0,0,0,0,6,D,22,SC
1,0,1,0,1,0,0,0,6,E,22,SC
1,0,1,0,0,1,0,0,6,F,22,SC
1,0,1,0,0,0,1,0,6,G,22,SC
1,0,1,0,0,0,0,1,6,H,22,SC
1,0,0,1,1,0,0,0,7,A,22,SC
1,0,0,1,0,1,0,0,7,B,22,SC
1,0,0,1,0,0,1,0,7,C,22,SC
1,0,0,1,0,0,0,1,7,D,22,SC
1,0,0,0,1,1,0,0,7,E,22,SC
1,0,0,0,1,0,1,0,7,F,22,SC
1,0,0,0,1,0,0,1,7,G,22,SC
1,0,0,0,0,1,1,0,7,H,22,SC
1,0,0,0,0,1,0,1,8,A,22,SC
1,0,0,0,0,0,1,1,8,B,22,SC
0,1,1,1,0,0,0,0,8,C,22,SC
0,1,1,0,1,0,0,0,8,D,22,SC
0,1,1,0,0,1,0,0,8,E,22,SC
0,1,1,0,0,0,1,0,8,F,22,SC
0,1,1,0,0,0,0,1,8,G,22,SC
0,1,0,1,1,0,0,0,8,H,22,SC
0,1,0,1,0,1,0,0,9,A,22,SC
0,1,0,1,0,0,1,0,9,B,22,SC
0,1,0,1,0,0,0,1,9,C,22,SC
0,1,0,0,1,1,0,0,9,D,22,SC
0,1,0,0,1,0,1,0,9,E,22,SC
0,1,0,0,1,0,0,1,9,F,22,SC
0,1,0,0,0,1,1,0,9,G,22,SC
0,1,0,0,0,1,0,1,9,H,22,SC
0,1,0,0,0,0,1,1,10,A,22,SC
0,0,1,1,1,0,0,0,10,B,22,SC
0,0,1,1,0,1,0,0,10,C,22,SC
0,0,1,1,0,0,1,0,10,D,22,SC
0,0,1,1,0,0,0,1,10,E,22,SC
0,0,1,0,1,1,0,0,10,F,22,SC
0,0,1,0,1,0,1,0,10,G,22,SC
0,0,1,0,1,0,0,1,10,H,22,SC
0,0,1,0,0,1,1,0,11,A,22,SC
0,0,1,0,0,1,0,1,11,B,22,SC
0,0,1,0,0,0,1,1,11,C,22,SC
0,0,0,1,1,1,0,0,11,D,22,SC
0,0,0,1,1,0,1,0,11,E,22,SC
0,0,0,1,1,0,0,1,11,F,22,SC
0,0,0,1,0,1,1,0,11,G,22,SC
0,0,0,1,0,1,0,1,11,H,22,SC
0,0,0,1,0,0,1,1,12,A,22,SC
0,0,0,0,1,1,1,0,12,B,22,SC
0,0,0,0,1,1,0,1,12,C,22,SC
0,0,0,0,1,0,1,1,12,D,22,SC
0,0,0,0,0,1,1,1,12,E,22,SC
1,1,1,1,0,0,0,0,12,F,22,SC
1,1,1,0,1,0,0,0,12,G,22,SC
1,1,1,0,0,1,0,0,12,H,22,SC
1,1,1,0,0,0,1,0,1,A,23,SC
1,1,1,0,0,0,0,1,1,B,23,SC
1,1,0,1,1,0,0,0,1,C,23,SC
1,1,0,1,0,1,0,0,1,D,23,SC
1,1,0,1,0,0,1,0,1,E,23,SC
1,1,0,1,0,0,0,1,1,F,23,SC
1,1,0,0,1,1,0,0,1,G,23,SC
1,1,0,0,1,0,1,0,1,H,23,SC
1,1,0,0,1,0,0,1,2,A,23,SC
1,1,0,0,0,1,1,0,2,B,23,SC
1,1,0,0,0,1,0,1,2,C,23,SC
1,1,0,0,0,0,1,1,2,D,23,SC
1,0,1,1,1,0,0,0,2,E,23,SC
1,0,1,1,0,1,0,0,2,F,23,SC
1,0,1,1,0,0,1,0,2,G,23,SC
1,0,1,1,0,0,0,1,2,H,23,SC
1,0,1,0,1,1,0,0,3,A,23,SC
1,0,1,0,1,0,1,0,3,B,23,SC
1,0,1,0,1,0,0,1,3,C,23,SC
1,0,1,0,0,1,1,0,3,D,23,SC
1,0,1,0,0,1,0,1,3,E,23,SC
1,0,1,0,0,0,1,1,3,F,23,SC
1,0,0,1,1,1,0,0,3,G,23,SC
1,0,0,1,1,0,1,0,3,H,23,SC
1,0,0,1,1,0,0,1,4,A,23,SC
1,0,0,1,0,1,1,0,4,B,23,SC
1,0,0,1,0,1,0,1,4,C,23,SC
1,0,0,1,0,0,1,1,4,D,23,SC
1,0,0,0,1,1,1,0,4,E,23,SC
1,0,0,0,1,1,0,1,4,F,23,SC
1,0,0,0,1,0,1,1,4,G,23,SC
1,0,0,0,0,1,1,1,4,H,23,SC
0,1,1,1,1,0,0,0,5,A,23,SC
0,1,1,1,0,1,0,0,5,B,23,SC
0,1,1,1,0,0,1,0,5,C,23,SC
0,1,1,1,0,0,0,1,5,D,23,SC
0,1,1,0,1,1,0,0,5,E,23,SC
0,1,1,0,1,0,1,0,5,F,23,SC
0,1,1,0,1,0,0,1,5,G,23,SC
0,1,1,0,0,1,1,0,5,H,23,SC
0,1,1,0,0,1,0,1,6,A,23,SC
0,1,1,0,0,0,1,1,6,B,23,SC
0,1,0,1,1,1,0,0,6,C,23,SC
0,1,0,1,1,0,1,0,6,D,23,SC
0,1,0,1,1,0,0,1,6,E,23,SC
0,1,0,1,0,1,1,0,6,F,23,SC
0,1,0,1,0,1,0,1,6,G,23,SC
0,1,0,1,0,0,1,1,6,H,23,SC
0,1,0,0,1,1,1,0,7,A,23,SC
0,1,0,0,1,1,0,1,7,B,23,SC
0,1,0,0,1,0,1,1,7,C,23,SC
0,1,0,0,0,1,1,1,7,D,23,SC
0,0,1,1,1,1,0,0,7,E,23,SC
0,0,1,1,1,0,1,0,7,F,23,SC
0,0,1,1,1,0,0,1,7,G,23,SC
0,0,1,1,0,1,1,0,7,H,23,SC
0,0,1,1,0,1,0,1,8,A,23,SC
0,0,1,1,0,0,1,1,8,B,23,SC
0,0,1,0,1,1,1,0,8,C,23,SC
0,0,1,0,1,1,0,1,8,D,23,SC
0,0,1,0,1,0,1,1,8,E,23,SC
0,0,1,0,0,1,1,1,8,F,23,SC
0,0,0,1,1,1,1,0,8,G,23,SC
0,0,0,1,1,1,0,1,8,H,23,SC
0,0,0,1,1,0,1,1,9,A,23,SC
0,0,0,1,0,1,1,1,9,B,23,SC
0,0,0,0,1,1,1,1,9,C,23,SC
1,1,1,1,1,0,0,0,9,D,23,SC
1,1,1,1,0,1,0,0,9,E,23,SC
1,1,1,1,0,0,1,0,9,F,23,SC
1,1,1,1,0,0,0,1,9,G,23,SC
1,1,1,0,1,1,0,0,9,H,23,SC
1,1,1,0,1,0,1,0,10,A,23,SC
1,1,1,0,1,0,0,1,10,B,23,SC
1,1,1,0,0,1,1,0,10,C,23,SC
1,1,1,0,0,1,0,1,10,D,23,SC
1,1,1,0,0,0,1,1,10,E,23,SC
1,1,0,1,1,1,0,0,10,F,23,SC
1,1,0,1,1,0,1,0,10,G,23,SC
1,1,0,1,1,0,0,1,10,H,23,SC
1,1,0,1,0,1,1,0,11,A,23,SC
1,1,0,1,0,1,0,1,11,B,23,SC
1,1,0,1,0,0,1,1,11,C,23,SC
1,1,0,0,1,1,1,0,11,D,23,SC
1,1,0,0,1,1,0,1,11,E,23,SC
1,1,0,0,1,0,1,1,11,F,23,SC
1,1,0,0,0,1,1,1,11,G,23,SC
1,0,1,1,1,1,0,0,11,H,23,SC
1,0,1,1,1,0,1,0,12,A,23,SC
1,0,1,1,1,0,0,1,12,B,23,SC
1,0,1,1,0,1,1,0,12,C,23,SC
1,0,1,1,0,1,0,1,12,D,23,SC
1,0,1,1,0,0,1,1,12,E,23,SC
1,0,1,0,1,1,1,0,12,F,23,SC
1,0,1,0,1,1,0,1,12,G,23,SC
1,0,1,0,1,0,1,1,12,H,23,SC
1,0,1,0,0,1,1,1,1,A,24,SC
1,0,0,1,1,1,1,0,1,B,24,SC
1,0,0,1,1,1,0,1,1,C,24,SC
1,0,0,1,1,0,1,1,1,D,24,SC
1,0,0,1,0,1,1,1,1,E,24,SC
1,0,0,0,1,1,1,1,1,F,24,SC
0,1,1,1,1,1,0,0,1,G,24,SC
0,1,1,1,1,0,1,0,1,H,24,SC
0,1,1,1,1,0,0,1,2,A,24,SC
0,1,1,1,0,1,1,0,2,B,24,SC
0,1,1,1,0,1,0,1,2,C,24,SC
0,1,1,1,0,0,1,1,2,D,24,SC
0,1,1,0,1,1,1,0,2,E,24,SC
0,1,1,0,1,1,0,1,2,F,24,SC
0,1,1,0,1,0,1,1,2,G,24,SC
0,1,1,0,0,1,1,1,2,H,24,SC
0,1,0,1,1,1,1,0,3,A,24,SC
0,1,0,1,1,1,0,1,3,B,24,SC
0,1,0,1,1,0,1,1,3,C,24,SC
0,1,0,1,0,1,1,1,3,D,24,SC
0,1,0,0,1,1,1,1,3,E,24,SC
0,0,1,1,1,1,1,0,3,F,24,SC
0,0,1,1,1,1,0,1,3,G,24,SC
0,0,1,1,1,0,1,1,3,H,24,SC
0,0,1,1,0,1,1,1,4,A,24,SC
0,0,1,0,1,1,1,1,4,B,24,SC
0,0,0,1,1,1,1,1,4,C,24,SC
1,1,1,1,1,1,0,0,4,D,24,SC
1,1,1,1,1,0,1,0,4,E,24,SC
1,1,1,1,1,0,0,1,4,F,24,SC
1,1,1,1,0,1,1,0,4,G,24,SC
1,1,1,1,0,1,0,1,4,H,24,SC
1,1,1,1,0,0,1,1,5,A,24,SC
1,1,1,0,1,1,1,0,5,B,24,SC
1,1,1,0,1,1,0,1,5,C,24,SC
1,1,1,0,1,0,1,1,5,D,24,SC
1,1,1,0,0,1,1,1,5,E,24,SC
1,1,0,1,1,1,1,0,5,F,24,SC
1,1,0,1,1,1,0,1,5,G,24,SC
1,1,0,1,1,0,1,1,5,H,24,SC
1,1,0,1,0,1,1,1,6,A,24,SC
1,1,0,0,1,1,1,1,6,B,24,SC
1,0,1,1,1,1,1,0,6,C,24,SC
1,0,1,1,1,1,0,1,6,D,24,SC
1,0,1,1,1,0,1,1,6,E,24,SC
1,0,1,1,0,1,1,1,6,F,24,SC
1,0,1,0,1,1,1,1,6,G,24,SC
1,0,0,1,1,1,1,1,6,H,24,SC
0,1,1,1,1,1,1,0,7,A,24,SC
0,1,1,1,1,1,0,1,7,B,24,SC
0,1,1,1,1,0,1,1,7,C,24,SC
0,1,1,1,0,1,1,1,7,D,24,SC
0,1,1,0,1,1,1,1,7,E,24,SC
0,1,0,1,1,1,1,1,7,F,24,SC
0,0,1,1,1,1,1,1,7,G,24,SC
1,1,1,1,1,1,1,0,7,H,24,SC
1,1,1,1,1,1,0,1,8,A,24,SC
1,1,1,1,1,0,1,1,8,B,24,SC
1,1,1,1,0,1,1,1,8,C,24,SC
1,1,1,0,1,1,1,1,8,D,24,SC
1,1,0,1,1,1,1,1,8,E,24,SC
1,0,1,1,1,1,1,1,8,F,24,SC
0,1,1,1,1,1,1,1,8,G,24,SC
1,1,1,1,1,1,1,1,8,H,24,SC
0,0,0,0,0,0,0,0,1,A,25,KUE4_10
0,0,0,0,0,0,0,0,1,B,25,NUE1_1
0,0,0,0,0,0,0,0,1,C,25,LUF4_5
0,0,0,0,0,0,0,0,1,D,25,NUF1_3
0,0,0,0,0,0,0,0,1,E,25,KUB5_13
0,0,0,0,0,0,0,0,1,F,25,KUE4_4
0,0,0,0,0,0,0,0,1,G,25,OP50
0,0,0,0,0,0,0,0,1,H,25,SC
0,0,0,0,0,0,0,0,2,A,25,KUE4_10
0,0,0,0,0,0,0,0,2,B,25,NUE1_1
0,0,0,0,0,0,0,0,2,C,25,LUF4_5
0,0,0,0,0,0,0,0,2,D,25,NUF1_3
0,0,0,0,0,0,0,0,2,E,25,KUB5_13
0,0,0,0,0,0,0,0,2,F,25,KUE4_4
0,0,0,0,0,0,0,0,2,G,25,OP50
0,0,0,0,0,0,0,0,2,H,25,SC
0,0,0,0,0,0,0,0,3,A,25,KUE4_10
0,0,0,0,0,0,0,0,3,B,25,NUE1_1
0,0,0,0,0,0,0,0,3,C,25,LUF4_5
0,0,0,0,0,0,0,0,3,D,25,NUF1_3
0,0,0,0,0,0,0,0,3,E,25,KUB5_13
0,0,0,0,0,0,0,0,3,F,25,KUE4_4
0,0,0,0,0,0,0,0,3,G,25,OP50
0,0,0,0,0,0,0,0,3,H,25,SC
0,0,0,0,0,0,0,0,4,A,25,KUE4_10
0,0,0,0,0,0,0,0,4,B,25,NUE1_1
0,0,0,0,0,0,0,0,4,C,25,LUF4_5
0,0,0,0,0,0,0,0,4,D,25,NUF1_3
0,0,0,0,0,0,0,0,4,E,25,KUB5_13
0,0,0,0,0,0,0,0,4,F,25,KUE4_4
0,0,0,0,0,0,0,0,4,G,25,OP50
0,0,0,0,0,0,0,0,4,H,25,SC
0,0,0,0,0,0,0,0,5,A,25,KUE4_10
0,0,0,0,0,0,0,0,5,B,25,NUE1_1
0,0,0,0,0,0,0,0,5,C,25,LUF4_5
0,0,0,0,0,0,0,0,5,D,25,NUF1_3
0,0,0,0,0,0,0,0,5,E,25,KUB5_13
0,0,0,0,0,0,0,0,5,F,25,KUE4_4
0,0,0,0,0,0,0,0,5,G,25,OP50
0,0,0,0,0,0,0,0,5,H,25,SC
0,0,0,0,0,0,0,0,6,A,25,KUE4_10
0,0,0,0,0,0,0,0,6,B,25,NUE1_1
0,0,0,0,0,0,0,0,6,C,25,LUF4_5
0,0,0,0,0,0,0,0,6,D,25,NUF1_3
0,0,0,0,0,0,0,0,6,E,25,KUB5_13
0,0,0,0,0,0,0,0,6,F,25,KUE4_4
0,0,0,0,0,0,0,0,6,G,25,OP50
0,0,0,0,0,0,0,0,6,H,25,SC
0,0,0,0,0,0,0,0,7,A,25,KUE4_10
0,0,0,0,0,0,0,0,7,B,25,NUE1_1
0,0,0,0,0,0,0,0,7,C,25,LUF4_5
0,0,0,0,0,0,0,0,7,D,25,NUF1_3
0,0,0,0,0,0,0,0,7,E,25,KUB5_13
0,0,0,0,0,0,0,0,7,F,25,KUE4_4
0,0,0,0,0,0,0,0,7,G,25,OP50
0,0,0,0,0,0,0,0,7,H,25,SC
0,0,0,0,0,0,0,0,8,A,25,KUE4_10
0,0,0,0,0,0,0,0,8,B,25,NUE1_1
0,0,0,0,0,0,0,0,8,C,25,LUF4_5
0,0,0,0,0,0,0,0,8,D,25,NUF1_3
0,0,0,0,0,0,0,0,8,E,25,KUB5_13
0,0,0,0,0,0,0,0,8,F,25,KUE4_4
0,0,0,0,0,0,0,0,8,G,25,OP50
0,0,0,0,0,0,0,0,8,H,25,SC
0,0,0,0,0,0,0,0,9,A,25,Control
0,0,0,0,0,0,0,0,9,B,25,Control
0,0,0,0,0,0,0,0,9,C,25,Control
0,0,0,0,0,0,0,0,9,D,25,Control
0,0,0,0,0,0,0,0,9,E,25,Control
0,0,0,0,0,0,0,0,9,F,25,Control
0,0,0,0,0,0,0,0,9,G,25,Control
0,0,0,0,0,0,0,0,9,H,25,Control
0,0,0,0,0,0,0,0,10,A,25,Control
0,0,0,0,0,0,0,0,10,B,25,Control
0,0,0,0,0,0,0,0,10,C,25,Control
0,0,0,0,0,0,0,0,10,D,25,Control
0,0,0,0,0,0,0,0,10,E,25,Control
0,0,0,0,0,0,0,0,10,F,25,Control
0,0,0,0,0,0,0,0,10,G,25,Control
0,0,0,0,0,0,0,0,10,H,25,Control
0,0,0,0,0,0,0,0,11,A,25,Control
0,0,0,0,0,0,0,0,11,B,25,Control
0,0,0,0,0,0,0,0,11,C,25,Control
0,0,0,0,0,0,0,0,11,D,25,Control
0,0,0,0,0,0,0,0,11,E,25,Control
0,0,0,0,0,0,0,0,11,F,25,Control
0,0,0,0,0,0,0,0,11,G,25,Control
0,0,0,0,0,0,0,0,11,H,25,Control
0,0,0,0,0,0,0,0,12,A,25,Control
0,0,0,0,0,0,0,0,12,B,25,Control
0,0,0,0,0,0,0,0,12,C,25,Control
0,0,0,0,0,0,0,0,12,D,25,Control
0,0,0,0,0,0,0,0,12,E,25,Control
0,0,0,0,0,0,0,0,12,F,25,Control
0,0,0,0,0,0,0,0,12,G,25,Control
0,0,0,0,0,0,0,0,12,H,25,Control
