"","max.running.average","max.slopes","well","plate"
"1","0.181","0.0294857142857143","A1","Ampicillin.csv"
"2","0.2245","0.0389142857142857","A2","Ampicillin.csv"
"3","0.238","0.0398285714285714","A3","Ampicillin.csv"
"4","0.2035","0.0356","A4","Ampicillin.csv"
"5","0.235","0.0412571428571429","A5","Ampicillin.csv"
"6","0.214","0.0405142857142857","A6","Ampicillin.csv"
"7","0.2245","0.0389142857142857","A7","Ampicillin.csv"
"8","0.1905","0.0349714285714286","A8","Ampicillin.csv"
"9","0.19","0.0344571428571429","A9","Ampicillin.csv"
"10","0.2055","0.0375428571428572","A10","Ampicillin.csv"
"11","0.2015","0.0360571428571429","A11","Ampicillin.csv"
"12","0.179","0.0294285714285714","A12","Ampicillin.csv"
"13","0.242","0.033257142857143","B1","Ampicillin.csv"
"14","0.3095","0.0282285714285714","B2","Ampicillin.csv"
"15","0.318","0.0271428571428571","B3","Ampicillin.csv"
"16","0.322","0.0282857142857143","B4","Ampicillin.csv"
"17","0.316","0.0281142857142857","B5","Ampicillin.csv"
"18","0.321","0.0279428571428572","B6","Ampicillin.csv"
"19","0.328","0.0277714285714286","B7","Ampicillin.csv"
"20","0.3245","0.0283428571428571","B8","Ampicillin.csv"
"21","0.32","0.0282285714285714","B9","Ampicillin.csv"
"22","0.357","0.0300571428571428","B10","Ampicillin.csv"
"23","0.315","0.0303428571428571","B11","Ampicillin.csv"
"24","0.2365","0.0322857142857144","B12","Ampicillin.csv"
"25","0.2425","0.0342285714285714","C1","Ampicillin.csv"
"26","0.5155","0.132628571428572","C2","Ampicillin.csv"
"27","0.5545","0.0857714285714286","C3","Ampicillin.csv"
"28","0.501","0.0937142857142858","C4","Ampicillin.csv"
"29","0.5265","0.111028571428572","C5","Ampicillin.csv"
"30","0.5695","0.110685714285714","C6","Ampicillin.csv"
"31","0.4965","0.0907428571428572","C7","Ampicillin.csv"
"32","0.509","0.088857142857143","C8","Ampicillin.csv"
"33","0.512","0.0842285714285715","C9","Ampicillin.csv"
"34","0.1695","0.0246285714285714","C10","Ampicillin.csv"
"35","0.201","0.0286857142857142","C11","Ampicillin.csv"
"36","0.158","0.0190857142857143","C12","Ampicillin.csv"
"37","0.2365","0.0258857142857143","D1","Ampicillin.csv"
"38","0.329","0.0304","D2","Ampicillin.csv"
"39","0.348","0.0330285714285714","D3","Ampicillin.csv"
"40","0.351","0.0334857142857143","D4","Ampicillin.csv"
"41","0.3385","0.0317714285714286","D5","Ampicillin.csv"
"42","0.358","0.0341714285714286","D6","Ampicillin.csv"
"43","0.351","0.0327999999999999","D7","Ampicillin.csv"
"44","0.348","0.0323428571428571","D8","Ampicillin.csv"
"45","0.364","0.0348","D9","Ampicillin.csv"
"46","0.3275","0.0314857142857144","D10","Ampicillin.csv"
"47","0.322","0.0304","D11","Ampicillin.csv"
"48","0.2505","0.0255428571428571","D12","Ampicillin.csv"
"49","0.263","0.0606857142857143","E1","Ampicillin.csv"
"50","0.5325","0.183485714285714","E2","Ampicillin.csv"
"51","0.525","0.173657142857143","E3","Ampicillin.csv"
"52","0.4475","0.125257142857143","E4","Ampicillin.csv"
"53","0.5125","0.201485714285714","E5","Ampicillin.csv"
"54","0.5185","0.144285714285714","E6","Ampicillin.csv"
"55","0.619","0.157085714285714","E7","Ampicillin.csv"
"56","0.4825","0.0868000000000001","E8","Ampicillin.csv"
"57","0.7995","0.234228571428571","E9","Ampicillin.csv"
"58","0.1055","0.0187428571428571","E10","Ampicillin.csv"
"59","0.37","0.136971428571429","E11","Ampicillin.csv"
"60","0.1605","0.0486285714285714","E12","Ampicillin.csv"
"61","0.2475","0.0401714285714286","F1","Ampicillin.csv"
"62","0.317","0.0480571428571429","F2","Ampicillin.csv"
"63","0.344","0.0502857142857143","F3","Ampicillin.csv"
"64","0.346","0.0497142857142857","F4","Ampicillin.csv"
"65","0.339","0.048","F5","Ampicillin.csv"
"66","0.3385","0.0500571428571429","F6","Ampicillin.csv"
"67","0.358","0.0518285714285715","F7","Ampicillin.csv"
"68","0.3475","0.0476","F8","Ampicillin.csv"
"69","0.3395","0.0470857142857143","F9","Ampicillin.csv"
"70","0.354","0.0484","F10","Ampicillin.csv"
"71","0.3375","0.0465714285714286","F11","Ampicillin.csv"
"72","0.2825","0.0426857142857143","F12","Ampicillin.csv"
"73","0.17","0.0392571428571428","G1","Ampicillin.csv"
"74","0.208","0.0355428571428571","G2","Ampicillin.csv"
"75","0.2215","0.0362857142857143","G3","Ampicillin.csv"
"76","0.2255","0.0366285714285714","G4","Ampicillin.csv"
"77","0.2175","0.0348571428571429","G5","Ampicillin.csv"
"78","0.2105","0.0337714285714286","G6","Ampicillin.csv"
"79","0.163","0.0261142857142857","G7","Ampicillin.csv"
"80","0.174","0.028","G8","Ampicillin.csv"
"81","0.175","0.0282857142857143","G9","Ampicillin.csv"
"82","0.1435","0.0174285714285714","G10","Ampicillin.csv"
"83","0.144","0.0165714285714286","G11","Ampicillin.csv"
"84","0.1055","0.0149142857142857","G12","Ampicillin.csv"
"85","0.1195","0.0251428571428571","H1","Ampicillin.csv"
"86","0.182","0.0431428571428571","H2","Ampicillin.csv"
"87","0.1905","0.0510857142857143","H3","Ampicillin.csv"
"88","0.172","0.0402285714285714","H4","Ampicillin.csv"
"89","0.1655","0.0410857142857143","H5","Ampicillin.csv"
"90","0.157","0.0370285714285714","H6","Ampicillin.csv"
"91","0.154","0.0339428571428571","H7","Ampicillin.csv"
"92","0.159","0.0355428571428572","H8","Ampicillin.csv"
"93","0.158","0.0311428571428571","H9","Ampicillin.csv"
"94","0.1885","0.0332571428571429","H10","Ampicillin.csv"
"95","0.1845","0.0338857142857143","H11","Ampicillin.csv"
"96","0.2","0.0334857142857143","H12","Ampicillin.csv"
"97","0.101","0.0144571428571429","A1","Atrazine.csv"
"98","0.2265","0.0442285714285715","A2","Atrazine.csv"
"99","0.247","0.0463428571428572","A3","Atrazine.csv"
"100","0.241","0.0430285714285715","A4","Atrazine.csv"
"101","0.217","0.0444","A5","Atrazine.csv"
"102","0.2245","0.0468571428571429","A6","Atrazine.csv"
"103","0.213","0.0469142857142857","A7","Atrazine.csv"
"104","0.2025","0.0443428571428572","A8","Atrazine.csv"
"105","0.1965","0.0389142857142857","A9","Atrazine.csv"
"106","0.207","0.0420571428571429","A10","Atrazine.csv"
"107","0.192","0.0375428571428572","A11","Atrazine.csv"
"108","0.1595","0.0261142857142857","A12","Atrazine.csv"
"109","0.1825","0.0170857142857143","B1","Atrazine.csv"
"110","0.292","0.0274285714285714","B2","Atrazine.csv"
"111","0.3165","0.0287428571428572","B3","Atrazine.csv"
"112","0.3085","0.0334857142857143","B4","Atrazine.csv"
"113","0.3125","0.0284000000000001","B5","Atrazine.csv"
"114","0.313","0.0278285714285714","B6","Atrazine.csv"
"115","0.3105","0.0303428571428571","B7","Atrazine.csv"
"116","0.311","0.0338857142857143","B8","Atrazine.csv"
"117","0.3205","0.0272571428571429","B9","Atrazine.csv"
"118","0.322","0.0331428571428572","B10","Atrazine.csv"
"119","0.298","0.028","B11","Atrazine.csv"
"120","0.221","0.0271428571428572","B12","Atrazine.csv"
"121","0.116","0.0210285714285714","C1","Atrazine.csv"
"122","0.5015","0.148742857142857","C2","Atrazine.csv"
"123","0.499","0.114457142857143","C3","Atrazine.csv"
"124","0.5385","0.0819428571428572","C4","Atrazine.csv"
"125","0.5315","0.113428571428572","C5","Atrazine.csv"
"126","0.5355","0.11","C6","Atrazine.csv"
"127","0.5225","0.133714285714286","C7","Atrazine.csv"
"128","0.537","0.091657142857143","C8","Atrazine.csv"
"129","0.4975","0.0973142857142858","C9","Atrazine.csv"
"130","0.5085","0.1192","C10","Atrazine.csv"
"131","0.519","0.132342857142857","C11","Atrazine.csv"
"132","0.267","0.0408","C12","Atrazine.csv"
"133","0.222","0.0255428571428572","D1","Atrazine.csv"
"134","0.2765","0.0258857142857143","D2","Atrazine.csv"
"135","0.326","0.0311428571428571","D3","Atrazine.csv"
"136","0.335","0.0319428571428571","D4","Atrazine.csv"
"137","0.3285","0.0324571428571429","D5","Atrazine.csv"
"138","0.324","0.0321714285714286","D6","Atrazine.csv"
"139","0.315","0.0309714285714286","D7","Atrazine.csv"
"140","0.32","0.0308571428571428","D8","Atrazine.csv"
"141","0.3175","0.0301714285714286","D9","Atrazine.csv"
"142","0.325","0.032","D10","Atrazine.csv"
"143","0.3255","0.0329714285714286","D11","Atrazine.csv"
"144","0.233","0.0250285714285714","D12","Atrazine.csv"
"145","0.2915","0.0636571428571429","E1","Atrazine.csv"
"146","0.5145","0.2004","E2","Atrazine.csv"
"147","0.511","0.178857142857143","E3","Atrazine.csv"
"148","0.4345","0.172171428571429","E4","Atrazine.csv"
"149","0.4755","0.149485714285714","E5","Atrazine.csv"
"150","0.485","0.174228571428571","E6","Atrazine.csv"
"151","0.469","0.135371428571429","E7","Atrazine.csv"
"152","0.464","0.159942857142857","E8","Atrazine.csv"
"153","0.53","0.149942857142858","E9","Atrazine.csv"
"154","0.433","0.140457142857143","E10","Atrazine.csv"
"155","0.4885","0.184114285714286","E11","Atrazine.csv"
"156","0.2635","0.0678857142857143","E12","Atrazine.csv"
"157","0.222","0.0369714285714286","F1","Atrazine.csv"
"158","0.258","0.0389714285714286","F2","Atrazine.csv"
"159","0.32","0.0460571428571429","F3","Atrazine.csv"
"160","0.36","0.0501714285714286","F4","Atrazine.csv"
"161","0.3335","0.0464","F5","Atrazine.csv"
"162","0.3415","0.0484","F6","Atrazine.csv"
"163","0.3295","0.0469714285714286","F7","Atrazine.csv"
"164","0.3375","0.0477142857142857","F8","Atrazine.csv"
"165","0.3405","0.0474857142857143","F9","Atrazine.csv"
"166","0.341","0.0494285714285715","F10","Atrazine.csv"
"167","0.323","0.0484","F11","Atrazine.csv"
"168","0.2685","0.0446857142857143","F12","Atrazine.csv"
"169","0.214","0.0385714285714286","G1","Atrazine.csv"
"170","0.107","0.0143428571428571","G2","Atrazine.csv"
"171","0.2255","0.0365714285714286","G3","Atrazine.csv"
"172","0.22","0.0366857142857143","G4","Atrazine.csv"
"173","0.216","0.0361714285714286","G5","Atrazine.csv"
"174","0.215","0.0364","G6","Atrazine.csv"
"175","0.208","0.0366857142857143","G7","Atrazine.csv"
"176","0.2145","0.0361714285714286","G8","Atrazine.csv"
"177","0.22","0.0369142857142857","G9","Atrazine.csv"
"178","0.221","0.0374285714285714","G10","Atrazine.csv"
"179","0.216","0.0370285714285714","G11","Atrazine.csv"
"180","0.181","0.0371428571428571","G12","Atrazine.csv"
"181","0.142","0.0366857142857143","H1","Atrazine.csv"
"182","0.1655","0.0414857142857143","H2","Atrazine.csv"
"183","0.164","0.0405714285714286","H3","Atrazine.csv"
"184","0.162","0.0408571428571429","H4","Atrazine.csv"
"185","0.1585","0.0396","H5","Atrazine.csv"
"186","0.159","0.0417142857142857","H6","Atrazine.csv"
"187","0.159","0.0426857142857143","H7","Atrazine.csv"
"188","0.1565","0.0414857142857143","H8","Atrazine.csv"
"189","0.1645","0.0429714285714286","H9","Atrazine.csv"
"190","0.156","0.0466285714285714","H10","Atrazine.csv"
"191","0.1615","0.0482857142857143","H11","Atrazine.csv"
"192","0.153","0.0436571428571429","H12","Atrazine.csv"
"193","0.047","0.00142857142857142","A1","Azostrobin.csv"
"194","0.047","0.000628571428571429","A2","Azostrobin.csv"
"195","0.045","0.000914285714285716","A3","Azostrobin.csv"
"196","0.05","0.00142857142857142","A4","Azostrobin.csv"
"197","0.0465","0.000571428571428563","A5","Azostrobin.csv"
"198","0.046","0.000571428571428563","A6","Azostrobin.csv"
"199","0.0455","0.000742857142857145","A7","Azostrobin.csv"
"200","0.048","0.000742857142857132","A8","Azostrobin.csv"
"201","0.048","0.00125714285714286","A9","Azostrobin.csv"
"202","0.046","0.000742857142857138","A10","Azostrobin.csv"
"203","0.047","0.000742857142857137","A11","Azostrobin.csv"
"204","0.047","0.00222857142857143","A12","Azostrobin.csv"
"205","0.046","0.000285714285714282","B1","Azostrobin.csv"
"206","0.045","0.00028571428571428","B2","Azostrobin.csv"
"207","0.045","0.000685714285714275","B3","Azostrobin.csv"
"208","0.046","0.000285714285714283","B4","Azostrobin.csv"
"209","0.045","0.00034285714285714","B5","Azostrobin.csv"
"210","0.046","0.00051428571428571","B6","Azostrobin.csv"
"211","0.0455","0.000399999999999995","B7","Azostrobin.csv"
"212","0.045","0.000285714285714281","B8","Azostrobin.csv"
"213","0.047","0.000342857142857143","B9","Azostrobin.csv"
"214","0.049","0.000514285714285705","B10","Azostrobin.csv"
"215","0.047","0.000857142857142851","B11","Azostrobin.csv"
"216","0.045","0.000914285714285704","B12","Azostrobin.csv"
"217","0.046","0.00114285714285714","C1","Azostrobin.csv"
"218","0.048","0.00199999999999999","C2","Azostrobin.csv"
"219","0.045","0.00211428571428571","C3","Azostrobin.csv"
"220","0.045","0.00211428571428571","C4","Azostrobin.csv"
"221","0.049","0.00211428571428571","C5","Azostrobin.csv"
"222","0.048","0.00194285714285714","C6","Azostrobin.csv"
"223","0.047","0.00102857142857142","C7","Azostrobin.csv"
"224","0.048","0.0012","C8","Azostrobin.csv"
"225","0.049","0.00114285714285714","C9","Azostrobin.csv"
"226","0.049","0.00102857142857142","C10","Azostrobin.csv"
"227","0.048","0.000971428571428565","C11","Azostrobin.csv"
"228","0.044","0.000685714285714281","C12","Azostrobin.csv"
"229","0.044","0.000285714285714277","D1","Azostrobin.csv"
"230","0.045","0.000514285714285715","D2","Azostrobin.csv"
"231","0.046","0.000514285714285709","D3","Azostrobin.csv"
"232","0.046","0.000285714285714284","D4","Azostrobin.csv"
"233","0.045","0.00028571428571428","D5","Azostrobin.csv"
"234","0.047","0.00039999999999999","D6","Azostrobin.csv"
"235","0.047","0.000514285714285706","D7","Azostrobin.csv"
"236","0.045","0.00034285714285714","D8","Azostrobin.csv"
"237","0.046","0.000285714285714283","D9","Azostrobin.csv"
"238","0.047","0.00062857142857142","D10","Azostrobin.csv"
"239","0.046","0.000799999999999999","D11","Azostrobin.csv"
"240","0.045","0.000799999999999996","D12","Azostrobin.csv"
"241","0.046","0.000514285714285709","E1","Azostrobin.csv"
"242","0.044","0.000514285714285711","E2","Azostrobin.csv"
"243","0.048","0.000799999999999997","E3","Azostrobin.csv"
"244","0.049","0.000285714285714274","E4","Azostrobin.csv"
"245","0.046","0.000457142857142858","E5","Azostrobin.csv"
"246","0.047","0.000342857142857135","E6","Azostrobin.csv"
"247","0.046","0.000571428571428568","E7","Azostrobin.csv"
"248","0.045","0.000685714285714281","E8","Azostrobin.csv"
"249","0.045","0.000457142857142849","E9","Azostrobin.csv"
"250","0.045","0.00079999999999999","E10","Azostrobin.csv"
"251","0.046","0.000799999999999996","E11","Azostrobin.csv"
"252","0.045","0.00079999999999999","E12","Azostrobin.csv"
"253","0.045","0.000514285714285715","F1","Azostrobin.csv"
"254","0.045","0.00028571428571428","F2","Azostrobin.csv"
"255","0.048","0.000400000000000001","F3","Azostrobin.csv"
"256","0.0475","4e-04","F4","Azostrobin.csv"
"257","0.048","0.000457142857142857","F5","Azostrobin.csv"
"258","0.045","0.000342857142857137","F6","Azostrobin.csv"
"259","0.045","0.000285714285714282","F7","Azostrobin.csv"
"260","0.049","0.000342857142857138","F8","Azostrobin.csv"
"261","0.045","0.000342857142857144","F9","Azostrobin.csv"
"262","0.045","0.000342857142857137","F10","Azostrobin.csv"
"263","0.047","0.000514285714285706","F11","Azostrobin.csv"
"264","0.046","5.7142857142852e-05","F12","Azostrobin.csv"
"265","0.047","0.00222857142857142","G1","Azostrobin.csv"
"266","0.046","0.00222857142857142","G2","Azostrobin.csv"
"267","0.048","0.00239999999999999","G3","Azostrobin.csv"
"268","0.046","0.00222857142857142","G4","Azostrobin.csv"
"269","0.045","0.00245714285714285","G5","Azostrobin.csv"
"270","0.045","0.00228571428571428","G6","Azostrobin.csv"
"271","0.047","0.000742857142857133","G7","Azostrobin.csv"
"272","0.047","0.00131428571428571","G8","Azostrobin.csv"
"273","0.048","0.000799999999999993","G9","Azostrobin.csv"
"274","0.045","0.00108571428571429","G10","Azostrobin.csv"
"275","0.0445","0.00114285714285714","G11","Azostrobin.csv"
"276","0.045","0.00119999999999999","G12","Azostrobin.csv"
"277","0.048","0.00188571428571428","H1","Azostrobin.csv"
"278","0.048","0.00268571428571428","H2","Azostrobin.csv"
"279","0.0475","0.00251428571428571","H3","Azostrobin.csv"
"280","0.05","0.0028","H4","Azostrobin.csv"
"281","0.045","0.00291428571428571","H5","Azostrobin.csv"
"282","0.045","0.00285714285714285","H6","Azostrobin.csv"
"283","0.046","0.0017142857142857","H7","Azostrobin.csv"
"284","0.047","0.00159999999999999","H8","Azostrobin.csv"
"285","0.048","0.00148571428571427","H9","Azostrobin.csv"
"286","0.045","0.00108571428571429","H10","Azostrobin.csv"
"287","0.0445","0.00079999999999999","H11","Azostrobin.csv"
"288","0.046","0.000971428571428565","H12","Azostrobin.csv"
"289","0.2655","0.0426285714285714","A1","Chloramphenicol.csv"
"290","0.311","0.0415428571428572","A2","Chloramphenicol.csv"
"291","0.303","0.0406857142857143","A3","Chloramphenicol.csv"
"292","0.3095","0.0373142857142857","A4","Chloramphenicol.csv"
"293","0.297","0.0458857142857143","A5","Chloramphenicol.csv"
"294","0.2425","0.04","A6","Chloramphenicol.csv"
"295","0.2845","0.0487428571428572","A7","Chloramphenicol.csv"
"296","0.291","0.0448571428571429","A8","Chloramphenicol.csv"
"297","0.2915","0.0450285714285715","A9","Chloramphenicol.csv"
"298","0.2695","0.0441714285714286","A10","Chloramphenicol.csv"
"299","0.2735","0.0370285714285715","A11","Chloramphenicol.csv"
"300","0.2465","0.0353142857142857","A12","Chloramphenicol.csv"
"301","0.362","0.0289142857142857","B1","Chloramphenicol.csv"
"302","0.3615","0.0302285714285714","B2","Chloramphenicol.csv"
"303","0.36","0.0261142857142857","B3","Chloramphenicol.csv"
"304","0.3785","0.0271428571428571","B4","Chloramphenicol.csv"
"305","0.372","0.0266857142857143","B5","Chloramphenicol.csv"
"306","0.376","0.0332571428571428","B6","Chloramphenicol.csv"
"307","0.358","0.0308","B7","Chloramphenicol.csv"
"308","0.3755","0.0256571428571428","B8","Chloramphenicol.csv"
"309","0.37","0.0263428571428571","B9","Chloramphenicol.csv"
"310","0.3695","0.0260000000000001","B10","Chloramphenicol.csv"
"311","0.374","0.0883999999999999","B11","Chloramphenicol.csv"
"312","0.366","0.0297142857142857","B12","Chloramphenicol.csv"
"313","0.576","0.114228571428571","C1","Chloramphenicol.csv"
"314","0.689","0.1084","C2","Chloramphenicol.csv"
"315","0.808","0.113371428571429","C3","Chloramphenicol.csv"
"316","0.7475","0.101542857142857","C4","Chloramphenicol.csv"
"317","0.7255","0.1244","C5","Chloramphenicol.csv"
"318","0.765","0.122685714285714","C6","Chloramphenicol.csv"
"319","0.7465","0.0985714285714286","C7","Chloramphenicol.csv"
"320","0.728","0.114457142857143","C8","Chloramphenicol.csv"
"321","0.778","0.107542857142857","C9","Chloramphenicol.csv"
"322","0.783","0.113314285714286","C10","Chloramphenicol.csv"
"323","0.745","0.114514285714286","C11","Chloramphenicol.csv"
"324","0.5295","0.120285714285714","C12","Chloramphenicol.csv"
"325","0.347","0.0289714285714285","D1","Chloramphenicol.csv"
"326","0.595","0.0433714285714286","D2","Chloramphenicol.csv"
"327","0.597","0.0509714285714286","D3","Chloramphenicol.csv"
"328","0.61","0.0494857142857143","D4","Chloramphenicol.csv"
"329","0.599","0.0459428571428571","D5","Chloramphenicol.csv"
"330","0.607","0.0452571428571429","D6","Chloramphenicol.csv"
"331","0.4495","0.0408571428571429","D7","Chloramphenicol.csv"
"332","0.592","0.0457714285714286","D8","Chloramphenicol.csv"
"333","0.594","0.0477714285714286","D9","Chloramphenicol.csv"
"334","0.569","0.0521714285714286","D10","Chloramphenicol.csv"
"335","0.5875","0.05","D11","Chloramphenicol.csv"
"336","0.3415","0.0285142857142857","D12","Chloramphenicol.csv"
"337","0.4505","0.110971428571429","E1","Chloramphenicol.csv"
"338","0.6645","0.131142857142857","E2","Chloramphenicol.csv"
"339","0.756","0.160171428571429","E3","Chloramphenicol.csv"
"340","0.749","0.2196","E4","Chloramphenicol.csv"
"341","0.6755","0.202857142857143","E5","Chloramphenicol.csv"
"342","0.6985","0.194","E6","Chloramphenicol.csv"
"343","0.6465","0.207028571428572","E7","Chloramphenicol.csv"
"344","0.6915","0.2124","E8","Chloramphenicol.csv"
"345","0.6995","0.1708","E9","Chloramphenicol.csv"
"346","0.7335","0.194228571428572","E10","Chloramphenicol.csv"
"347","0.6355","0.2016","E11","Chloramphenicol.csv"
"348","0.4455","0.0946285714285715","E12","Chloramphenicol.csv"
"349","0.374","0.0565142857142857","F1","Chloramphenicol.csv"
"350","0.5955","0.0898857142857143","F2","Chloramphenicol.csv"
"351","0.5985","0.0931428571428572","F3","Chloramphenicol.csv"
"352","0.6465","0.0964571428571429","F4","Chloramphenicol.csv"
"353","0.571","0.0862285714285714","F5","Chloramphenicol.csv"
"354","0.597","0.0908","F6","Chloramphenicol.csv"
"355","0.581","0.0895428571428571","F7","Chloramphenicol.csv"
"356","0.579","0.0871428571428572","F8","Chloramphenicol.csv"
"357","0.5825","0.0808","F9","Chloramphenicol.csv"
"358","0.5925","0.0954285714285715","F10","Chloramphenicol.csv"
"359","0.545","0.0885142857142857","F11","Chloramphenicol.csv"
"360","0.345","0.0550285714285714","F12","Chloramphenicol.csv"
"361","0.266","0.0645142857142857","G1","Chloramphenicol.csv"
"362","0.2855","0.0647428571428571","G2","Chloramphenicol.csv"
"363","0.318","0.0672","G3","Chloramphenicol.csv"
"364","0.2815","0.0650857142857143","G4","Chloramphenicol.csv"
"365","0.275","0.0657714285714286","G5","Chloramphenicol.csv"
"366","0.2705","0.0645714285714286","G6","Chloramphenicol.csv"
"367","0.262","0.0619428571428571","G7","Chloramphenicol.csv"
"368","0.271","0.0635428571428571","G8","Chloramphenicol.csv"
"369","0.268","0.0638285714285714","G9","Chloramphenicol.csv"
"370","0.276","0.0671428571428571","G10","Chloramphenicol.csv"
"371","0.269","0.0651428571428571","G11","Chloramphenicol.csv"
"372","0.2145","0.0547428571428572","G12","Chloramphenicol.csv"
"373","0.21","0.0703428571428571","H1","Chloramphenicol.csv"
"374","0.265","0.0789714285714286","H2","Chloramphenicol.csv"
"375","0.241","0.0757142857142857","H3","Chloramphenicol.csv"
"376","0.263","0.0732571428571429","H4","Chloramphenicol.csv"
"377","0.247","0.0764","H5","Chloramphenicol.csv"
"378","0.244","0.0776","H6","Chloramphenicol.csv"
"379","0.2455","0.0765714285714286","H7","Chloramphenicol.csv"
"380","0.2325","0.0733714285714286","H8","Chloramphenicol.csv"
"381","0.229","0.0711428571428571","H9","Chloramphenicol.csv"
"382","0.2535","0.0712571428571429","H10","Chloramphenicol.csv"
"383","0.232","0.0696","H11","Chloramphenicol.csv"
"384","0.1805","0.062","H12","Chloramphenicol.csv"
"385","0.193","0.034","A1","Control.csv"
"386","0.224","0.0420571428571429","A2","Control.csv"
"387","0.238","0.0401714285714286","A3","Control.csv"
"388","0.2345","0.0407428571428572","A4","Control.csv"
"389","0.2865","0.0503428571428572","A5","Control.csv"
"390","0.2615","0.0413142857142857","A6","Control.csv"
"391","0.228","0.0456571428571429","A7","Control.csv"
"392","0.2285","0.0380571428571429","A8","Control.csv"
"393","0.22","0.0373142857142857","A9","Control.csv"
"394","0.28","0.0452571428571429","A10","Control.csv"
"395","0.2845","0.0438285714285715","A11","Control.csv"
"396","0.2385","0.0378285714285714","A12","Control.csv"
"397","0.245","0.0228571428571429","B1","Control.csv"
"398","0.32","0.0266285714285714","B2","Control.csv"
"399","0.3205","0.0304571428571429","B3","Control.csv"
"400","0.3325","0.0262285714285714","B4","Control.csv"
"401","0.3305","0.0244571428571429","B5","Control.csv"
"402","0.345","0.0262857142857143","B6","Control.csv"
"403","0.3045","0.0337142857142857","B7","Control.csv"
"404","0.3065","0.0743999999999999","B8","Control.csv"
"405","0.384","0.0428571428571428","B9","Control.csv"
"406","0.3905","0.0832000000000002","B10","Control.csv"
"407","0.3565","0.0661142857142858","B11","Control.csv"
"408","0.298","0.0729142857142857","B12","Control.csv"
"409","0.415","0.0720571428571429","C1","Control.csv"
"410","0.5465","0.116114285714286","C2","Control.csv"
"411","0.502","0.113428571428571","C3","Control.csv"
"412","0.548","0.0936571428571429","C4","Control.csv"
"413","0.512","0.113828571428571","C5","Control.csv"
"414","0.5325","0.103028571428571","C6","Control.csv"
"415","0.5295","0.128514285714286","C7","Control.csv"
"416","0.486","0.0978285714285714","C8","Control.csv"
"417","0.56","0.101257142857143","C9","Control.csv"
"418","0.4765","0.0943428571428572","C10","Control.csv"
"419","0.72","0.1068","C11","Control.csv"
"420","0.3995","0.102628571428572","C12","Control.csv"
"421","0.282","0.0258857142857143","D1","Control.csv"
"422","0.4","0.0358857142857142","D2","Control.csv"
"423","0.391","0.0348","D3","Control.csv"
"424","0.35","0.0323428571428572","D4","Control.csv"
"425","0.3565","0.0329142857142858","D5","Control.csv"
"426","0.355","0.0325142857142857","D6","Control.csv"
"427","0.356","0.0338285714285714","D7","Control.csv"
"428","0.35","0.0343428571428571","D8","Control.csv"
"429","0.348","0.0330857142857144","D9","Control.csv"
"430","0.34","0.0834857142857143","D10","Control.csv"
"431","0.255","0.0405714285714287","D11","Control.csv"
"432","0.292","0.0609714285714285","D12","Control.csv"
"433","0.043","0.00222857142857143","E1","Control.csv"
"434","0.05","0.00314285714285714","E2","Control.csv"
"435","0.0485","0.00177142857142857","E3","Control.csv"
"436","0.057","0.0028","E4","Control.csv"
"437","0.0555","0.0016","E5","Control.csv"
"438","0.058","0.00131428571428572","E6","Control.csv"
"439","0.06","0.00274285714285714","E7","Control.csv"
"440","0.051","0.00177142857142856","E8","Control.csv"
"441","0.045","0.00131428571428571","E9","Control.csv"
"442","0.0505","0.00302857142857142","E10","Control.csv"
"443","0.0755","0.0093142857142857","E11","Control.csv"
"444","0.044","0.000742857142857136","E12","Control.csv"
"445","0.3185","0.0457142857142857","F1","Control.csv"
"446","0.3365","0.0484571428571429","F2","Control.csv"
"447","0.3455","0.0482285714285714","F3","Control.csv"
"448","0.3495","0.0481142857142857","F4","Control.csv"
"449","0.346","0.0464571428571429","F5","Control.csv"
"450","0.349","0.0485714285714286","F6","Control.csv"
"451","0.343","0.0481142857142857","F7","Control.csv"
"452","0.355","0.048","F8","Control.csv"
"453","0.3775","0.0510285714285715","F9","Control.csv"
"454","0.384","0.0498285714285714","F10","Control.csv"
"455","0.3705","0.0466857142857143","F11","Control.csv"
"456","0.2975","0.0457714285714286","F12","Control.csv"
"457","0.202","0.0392","G1","Control.csv"
"458","0.2245","0.0384","G2","Control.csv"
"459","0.2335","0.0385714285714286","G3","Control.csv"
"460","0.235","0.0396","G4","Control.csv"
"461","0.245","0.0401714285714286","G5","Control.csv"
"462","0.2255","0.0380571428571429","G6","Control.csv"
"463","0.2205","0.0384571428571428","G7","Control.csv"
"464","0.2235","0.0382857142857143","G8","Control.csv"
"465","0.219","0.0352571428571428","G9","Control.csv"
"466","0.3185","0.0426285714285715","G10","Control.csv"
"467","0.2205","0.0373714285714286","G11","Control.csv"
"468","0.2025","0.0353714285714286","G12","Control.csv"
"469","0.184","0.0562857142857143","H1","Control.csv"
"470","0.2245","0.0616571428571428","H2","Control.csv"
"471","0.21","0.0601714285714285","H3","Control.csv"
"472","0.197","0.0541142857142857","H4","Control.csv"
"473","0.198","0.0573714285714286","H5","Control.csv"
"474","0.1955","0.0568","H6","Control.csv"
"475","0.1955","0.0572","H7","Control.csv"
"476","0.199","0.0598857142857143","H8","Control.csv"
"477","0.1875","0.0518285714285714","H9","Control.csv"
"478","0.186","0.0484571428571429","H10","Control.csv"
"479","0.2135","0.0609714285714286","H11","Control.csv"
"480","0.184","0.0500571428571429","H12","Control.csv"
"481","0.1855","0.0285714285714286","A1","Copper.csv"
"482","0.1955","0.0326285714285715","A2","Copper.csv"
"483","0.1965","0.0349142857142858","A3","Copper.csv"
"484","0.196","0.0339428571428572","A4","Copper.csv"
"485","0.1945","0.0328571428571429","A5","Copper.csv"
"486","0.1995","0.0396","A6","Copper.csv"
"487","0.2465","0.0418857142857144","A7","Copper.csv"
"488","0.196","0.0295428571428572","A8","Copper.csv"
"489","0.199","0.0313714285714286","A9","Copper.csv"
"490","0.233","0.0372","A10","Copper.csv"
"491","0.2415","0.0332","A11","Copper.csv"
"492","0.226","0.036","A12","Copper.csv"
"493","0.2215","0.0262285714285715","B1","Copper.csv"
"494","0.291","0.0266285714285715","B2","Copper.csv"
"495","0.306","0.0262285714285715","B3","Copper.csv"
"496","0.3255","0.032","B4","Copper.csv"
"497","0.3115","0.0312571428571429","B5","Copper.csv"
"498","0.3485","0.0848571428571429","B6","Copper.csv"
"499","0.39","0.0549142857142858","B7","Copper.csv"
"500","0.3315","0.0324000000000001","B8","Copper.csv"
"501","0.3555","0.126","B9","Copper.csv"
"502","0.3065","0.0770285714285715","B10","Copper.csv"
"503","0.2985","0.0534285714285715","B11","Copper.csv"
"504","0.2945","0.0606857142857143","B12","Copper.csv"
"505","0.2105","0.0309142857142857","C1","Copper.csv"
"506","0.5225","0.137257142857143","C2","Copper.csv"
"507","0.5095","0.108571428571429","C3","Copper.csv"
"508","0.5385","0.106171428571429","C4","Copper.csv"
"509","0.5005","0.105714285714286","C5","Copper.csv"
"510","0.54","0.102971428571429","C6","Copper.csv"
"511","0.541","0.117428571428571","C7","Copper.csv"
"512","0.4915","0.0990857142857143","C8","Copper.csv"
"513","0.4845","0.100228571428571","C9","Copper.csv"
"514","0.478","0.1128","C10","Copper.csv"
"515","0.475","0.122171428571429","C11","Copper.csv"
"516","0.27","0.0356","C12","Copper.csv"
"517","0.306","0.0291428571428571","D1","Copper.csv"
"518","0.371","0.0349714285714286","D2","Copper.csv"
"519","0.398","0.0378285714285714","D3","Copper.csv"
"520","0.32","0.0304","D4","Copper.csv"
"521","0.3335","0.0309714285714285","D5","Copper.csv"
"522","0.334","0.0304571428571428","D6","Copper.csv"
"523","0.3","0.0470857142857143","D7","Copper.csv"
"524","0.33","0.0309714285714286","D8","Copper.csv"
"525","0.335","0.0326857142857142","D9","Copper.csv"
"526","0.3165","0.0638857142857143","D10","Copper.csv"
"527","0.366","0.0874285714285715","D11","Copper.csv"
"528","0.291","0.0678285714285716","D12","Copper.csv"
"529","0.214","0.0525714285714286","E1","Copper.csv"
"530","0.4825","0.198171428571429","E2","Copper.csv"
"531","0.5435","0.155085714285714","E3","Copper.csv"
"532","0.496","0.1708","E4","Copper.csv"
"533","0.4575","0.130171428571429","E5","Copper.csv"
"534","0.527","0.153028571428572","E6","Copper.csv"
"535","0.507","0.207314285714286","E7","Copper.csv"
"536","0.5145","0.205485714285714","E8","Copper.csv"
"537","0.495","0.157542857142857","E9","Copper.csv"
"538","0.4535","0.1428","E10","Copper.csv"
"539","0.428","0.1548","E11","Copper.csv"
"540","0.4055","0.143714285714286","E12","Copper.csv"
"541","0.303","0.0457714285714286","F1","Copper.csv"
"542","0.378","0.0496571428571429","F2","Copper.csv"
"543","0.386","0.0501142857142857","F3","Copper.csv"
"544","0.3825","0.0494857142857143","F4","Copper.csv"
"545","0.36","0.0478857142857143","F5","Copper.csv"
"546","0.359","0.0480571428571429","F6","Copper.csv"
"547","0.3665","0.0497142857142857","F7","Copper.csv"
"548","0.4045","0.0493142857142857","F8","Copper.csv"
"549","0.3605","0.0473142857142858","F9","Copper.csv"
"550","0.394","0.0478285714285714","F10","Copper.csv"
"551","0.381","0.0478285714285714","F11","Copper.csv"
"552","0.3385","0.0462857142857143","F12","Copper.csv"
"553","0.226","0.0385142857142857","G1","Copper.csv"
"554","0.2245","0.0374857142857143","G2","Copper.csv"
"555","0.233","0.0380571428571429","G3","Copper.csv"
"556","0.2295","0.0369714285714286","G4","Copper.csv"
"557","0.227","0.0365142857142857","G5","Copper.csv"
"558","0.227","0.0356","G6","Copper.csv"
"559","0.2245","0.0360571428571428","G7","Copper.csv"
"560","0.2265","0.0358857142857143","G8","Copper.csv"
"561","0.2275","0.0361142857142857","G9","Copper.csv"
"562","0.2805","0.0381142857142857","G10","Copper.csv"
"563","0.223","0.036","G11","Copper.csv"
"564","0.203","0.0359428571428571","G12","Copper.csv"
"565","0.2005","0.0565714285714286","H1","Copper.csv"
"566","0.221","0.0653714285714286","H2","Copper.csv"
"567","0.2015","0.0585714285714286","H3","Copper.csv"
"568","0.189","0.0502857142857143","H4","Copper.csv"
"569","0.1885","0.0499428571428571","H5","Copper.csv"
"570","0.1915","0.0518857142857143","H6","Copper.csv"
"571","0.1815","0.0489714285714286","H7","Copper.csv"
"572","0.1865","0.0493714285714286","H8","Copper.csv"
"573","0.184","0.0502857142857143","H9","Copper.csv"
"574","0.1865","0.0521714285714286","H10","Copper.csv"
"575","0.185","0.0508571428571429","H11","Copper.csv"
"576","0.176","0.0480571428571429","H12","Copper.csv"
"577","0.18","0.0283428571428571","A1","Metaldehyde.csv"
"578","0.2355","0.0440571428571429","A2","Metaldehyde.csv"
"579","0.2035","0.0413714285714286","A3","Metaldehyde.csv"
"580","0.2025","0.0396","A4","Metaldehyde.csv"
"581","0.1975","0.04","A5","Metaldehyde.csv"
"582","0.208","0.0418285714285715","A6","Metaldehyde.csv"
"583","0.1795","0.0348571428571429","A7","Metaldehyde.csv"
"584","0.1835","0.0365714285714286","A8","Metaldehyde.csv"
"585","0.1785","0.0303428571428572","A9","Metaldehyde.csv"
"586","0.1045","0.00708571428571426","A10","Metaldehyde.csv"
"587","0.098","0.00714285714285715","A11","Metaldehyde.csv"
"588","0.0845","0.00657142857142858","A12","Metaldehyde.csv"
"589","0.23","0.0283428571428572","B1","Metaldehyde.csv"
"590","0.325","0.0306285714285714","B2","Metaldehyde.csv"
"591","0.3225","0.0299428571428571","B3","Metaldehyde.csv"
"592","0.3235","0.0299428571428572","B4","Metaldehyde.csv"
"593","0.313","0.0288000000000001","B5","Metaldehyde.csv"
"594","0.3265","0.0307428571428572","B6","Metaldehyde.csv"
"595","0.318","0.0301714285714287","B7","Metaldehyde.csv"
"596","0.3255","0.0281714285714286","B8","Metaldehyde.csv"
"597","0.327","0.0342857142857143","B9","Metaldehyde.csv"
"598","0.1295","0.0205142857142857","B10","Metaldehyde.csv"
"599","0.115","0.0166857142857142","B11","Metaldehyde.csv"
"600","0.0665","0.00714285714285713","B12","Metaldehyde.csv"
"601","0.254","0.0343428571428572","C1","Metaldehyde.csv"
"602","0.5045","0.122571428571429","C2","Metaldehyde.csv"
"603","0.5025","0.125828571428572","C3","Metaldehyde.csv"
"604","0.491","0.128457142857143","C4","Metaldehyde.csv"
"605","0.5175","0.118114285714286","C5","Metaldehyde.csv"
"606","0.546","0.1248","C6","Metaldehyde.csv"
"607","0.5165","0.104742857142857","C7","Metaldehyde.csv"
"608","0.5385","0.0999428571428572","C8","Metaldehyde.csv"
"609","0.545","0.0978857142857143","C9","Metaldehyde.csv"
"610","0.1435","0.0219428571428571","C10","Metaldehyde.csv"
"611","0.148","0.0291428571428571","C11","Metaldehyde.csv"
"612","0.09","0.0125142857142857","C12","Metaldehyde.csv"
"613","0.2435","0.0241714285714286","D1","Metaldehyde.csv"
"614","0.344","0.0320571428571428","D2","Metaldehyde.csv"
"615","0.36","0.0325142857142857","D3","Metaldehyde.csv"
"616","0.362","0.0337142857142857","D4","Metaldehyde.csv"
"617","0.364","0.0350285714285714","D5","Metaldehyde.csv"
"618","0.368","0.0350857142857143","D6","Metaldehyde.csv"
"619","0.4","0.0385714285714286","D7","Metaldehyde.csv"
"620","0.411","0.0378857142857144","D8","Metaldehyde.csv"
"621","0.399","0.0365714285714287","D9","Metaldehyde.csv"
"622","0.062","0.00308571428571427","D10","Metaldehyde.csv"
"623","0.057","0.00159999999999999","D11","Metaldehyde.csv"
"624","0.051","0.000914285714285708","D12","Metaldehyde.csv"
"625","0.1645","0.0511428571428572","E1","Metaldehyde.csv"
"626","0.439","0.1544","E2","Metaldehyde.csv"
"627","0.529","0.152114285714286","E3","Metaldehyde.csv"
"628","0.427","0.115085714285714","E4","Metaldehyde.csv"
"629","0.459","0.155714285714286","E5","Metaldehyde.csv"
"630","0.4865","0.154342857142857","E6","Metaldehyde.csv"
"631","0.4325","0.108971428571429","E7","Metaldehyde.csv"
"632","0.525","0.150628571428572","E8","Metaldehyde.csv"
"633","0.5105","0.140285714285714","E9","Metaldehyde.csv"
"634","0.0925","0.0244571428571429","E10","Metaldehyde.csv"
"635","0.0815","0.00965714285714285","E11","Metaldehyde.csv"
"636","0.1275","0.0107428571428571","E12","Metaldehyde.csv"
"637","0.282","0.0429142857142857","F1","Metaldehyde.csv"
"638","0.3485","0.0493714285714286","F2","Metaldehyde.csv"
"639","0.35","0.0477714285714286","F3","Metaldehyde.csv"
"640","0.3645","0.0496","F4","Metaldehyde.csv"
"641","0.3565","0.0486285714285715","F5","Metaldehyde.csv"
"642","0.3575","0.0486285714285714","F6","Metaldehyde.csv"
"643","0.358","0.0488571428571429","F7","Metaldehyde.csv"
"644","0.3515","0.0482857142857143","F8","Metaldehyde.csv"
"645","0.346","0.0477142857142857","F9","Metaldehyde.csv"
"646","0.059","0.00297142857142856","F10","Metaldehyde.csv"
"647","0.063","0.00342857142857142","F11","Metaldehyde.csv"
"648","0.052","0.00148571428571427","F12","Metaldehyde.csv"
"649","0.2075","0.0393142857142857","G1","Metaldehyde.csv"
"650","0.2245","0.0389142857142857","G2","Metaldehyde.csv"
"651","0.231","0.0356","G3","Metaldehyde.csv"
"652","0.223","0.0356571428571429","G4","Metaldehyde.csv"
"653","0.2235","0.0354857142857143","G5","Metaldehyde.csv"
"654","0.2265","0.0364571428571428","G6","Metaldehyde.csv"
"655","0.222","0.0338285714285714","G7","Metaldehyde.csv"
"656","0.2265","0.0350857142857143","G8","Metaldehyde.csv"
"657","0.225","0.0356","G9","Metaldehyde.csv"
"658","0.176","0.0164","G10","Metaldehyde.csv"
"659","0.1745","0.0168","G11","Metaldehyde.csv"
"660","0.097","0.00674285714285713","G12","Metaldehyde.csv"
"661","0.179","0.0449714285714286","H1","Metaldehyde.csv"
"662","0.2055","0.0578857142857143","H2","Metaldehyde.csv"
"663","0.19","0.0523428571428572","H3","Metaldehyde.csv"
"664","0.1875","0.0528571428571429","H4","Metaldehyde.csv"
"665","0.1825","0.0517714285714286","H5","Metaldehyde.csv"
"666","0.1865","0.0537714285714286","H6","Metaldehyde.csv"
"667","0.194","0.0559428571428572","H7","Metaldehyde.csv"
"668","0.178","0.0487428571428571","H8","Metaldehyde.csv"
"669","0.1855","0.0510285714285714","H9","Metaldehyde.csv"
"670","0.106","0.0242857142857143","H10","Metaldehyde.csv"
"671","0.102","0.0313142857142858","H11","Metaldehyde.csv"
"672","0.1135","0.1344","H12","Metaldehyde.csv"
"673","0.1915","0.0314857142857143","A1","Nickel.csv"
"674","0.2015","0.0393142857142857","A2","Nickel.csv"
"675","0.214","0.0424571428571429","A3","Nickel.csv"
"676","0.212","0.0406285714285715","A4","Nickel.csv"
"677","0.2055","0.0417714285714286","A5","Nickel.csv"
"678","0.2015","0.0410285714285715","A6","Nickel.csv"
"679","0.1855","0.0361142857142857","A7","Nickel.csv"
"680","0.183","0.0366857142857143","A8","Nickel.csv"
"681","0.1855","0.0349714285714286","A9","Nickel.csv"
"682","0.188","0.0371428571428572","A10","Nickel.csv"
"683","0.183","0.0349142857142857","A11","Nickel.csv"
"684","0.1605","0.0246285714285714","A12","Nickel.csv"
"685","0.236","0.0288000000000001","B1","Nickel.csv"
"686","0.291","0.0278285714285714","B2","Nickel.csv"
"687","0.2995","0.0260571428571429","B3","Nickel.csv"
"688","0.3105","0.0256","B4","Nickel.csv"
"689","0.305","0.0270285714285714","B5","Nickel.csv"
"690","0.317","0.0283428571428572","B6","Nickel.csv"
"691","0.313","0.0274285714285714","B7","Nickel.csv"
"692","0.3075","0.0292000000000001","B8","Nickel.csv"
"693","0.3155","0.0259428571428572","B9","Nickel.csv"
"694","0.314","0.0257142857142858","B10","Nickel.csv"
"695","0.29","0.0293714285714285","B11","Nickel.csv"
"696","0.221","0.0283428571428572","B12","Nickel.csv"
"697","0.4355","0.109828571428572","C1","Nickel.csv"
"698","0.52","0.115771428571429","C2","Nickel.csv"
"699","0.525","0.113542857142857","C3","Nickel.csv"
"700","0.539","0.111428571428571","C4","Nickel.csv"
"701","0.518","0.0962857142857143","C5","Nickel.csv"
"702","0.514","0.107657142857143","C6","Nickel.csv"
"703","0.51","0.0934857142857143","C7","Nickel.csv"
"704","0.496","0.0965714285714286","C8","Nickel.csv"
"705","0.492","0.0951428571428572","C9","Nickel.csv"
"706","0.498","0.1004","C10","Nickel.csv"
"707","0.5045","0.0893714285714286","C11","Nickel.csv"
"708","0.425","0.0778285714285715","C12","Nickel.csv"
"709","0.26","0.0248","D1","Nickel.csv"
"710","0.329","0.0314857142857143","D2","Nickel.csv"
"711","0.329","0.032","D3","Nickel.csv"
"712","0.334","0.0329142857142857","D4","Nickel.csv"
"713","0.334","0.0321714285714286","D5","Nickel.csv"
"714","0.3305","0.0318857142857142","D6","Nickel.csv"
"715","0.321","0.0313714285714285","D7","Nickel.csv"
"716","0.3235","0.0321714285714286","D8","Nickel.csv"
"717","0.3155","0.0305142857142857","D9","Nickel.csv"
"718","0.364","0.0367428571428571","D10","Nickel.csv"
"719","0.364","0.0364","D11","Nickel.csv"
"720","0.271","0.0259428571428571","D12","Nickel.csv"
"721","0.3015","0.0908000000000001","E1","Nickel.csv"
"722","0.384","0.101942857142857","E2","Nickel.csv"
"723","0.479","0.158457142857143","E3","Nickel.csv"
"724","0.5145","0.188114285714286","E4","Nickel.csv"
"725","0.4695","0.177885714285714","E5","Nickel.csv"
"726","0.4865","0.145714285714286","E6","Nickel.csv"
"727","0.523","0.175257142857143","E7","Nickel.csv"
"728","0.496","0.1672","E8","Nickel.csv"
"729","0.5365","0.201028571428572","E9","Nickel.csv"
"730","0.482","0.175428571428572","E10","Nickel.csv"
"731","0.418","0.174628571428572","E11","Nickel.csv"
"732","0.3015","0.0751428571428572","E12","Nickel.csv"
"733","0.2895","0.0426857142857143","F1","Nickel.csv"
"734","0.3385","0.0470857142857143","F2","Nickel.csv"
"735","0.348","0.0465714285714286","F3","Nickel.csv"
"736","0.3665","0.0479428571428572","F4","Nickel.csv"
"737","0.352","0.0474285714285715","F5","Nickel.csv"
"738","0.2945","0.0416","F6","Nickel.csv"
"739","0.351","0.0470285714285714","F7","Nickel.csv"
"740","0.3595","0.0478857142857143","F8","Nickel.csv"
"741","0.354","0.0473142857142857","F9","Nickel.csv"
"742","0.402","0.0497714285714286","F10","Nickel.csv"
"743","0.4035","0.0514285714285714","F11","Nickel.csv"
"744","0.3705","0.0509714285714286","F12","Nickel.csv"
"745","0.2015","0.0342285714285714","G1","Nickel.csv"
"746","0.219","0.0335428571428571","G2","Nickel.csv"
"747","0.228","0.0328","G3","Nickel.csv"
"748","0.223","0.0334285714285714","G4","Nickel.csv"
"749","0.219","0.0325142857142857","G5","Nickel.csv"
"750","0.226","0.0340571428571429","G6","Nickel.csv"
"751","0.222","0.0334857142857143","G7","Nickel.csv"
"752","0.226","0.0334857142857143","G8","Nickel.csv"
"753","0.224","0.0325714285714286","G9","Nickel.csv"
"754","0.224","0.0322857142857143","G10","Nickel.csv"
"755","0.2195","0.0324","G11","Nickel.csv"
"756","0.1865","0.0289714285714286","G12","Nickel.csv"
"757","0.1795","0.0363428571428572","H1","Nickel.csv"
"758","0.1905","0.0380571428571428","H2","Nickel.csv"
"759","0.1855","0.0386285714285714","H3","Nickel.csv"
"760","0.181","0.0462285714285715","H4","Nickel.csv"
"761","0.158","0.0358285714285714","H5","Nickel.csv"
"762","0.181","0.0396571428571429","H6","Nickel.csv"
"763","0.164","0.0401142857142858","H7","Nickel.csv"
"764","0.163","0.0418857142857143","H8","Nickel.csv"
"765","0.1695","0.0376","H9","Nickel.csv"
"766","0.18","0.0399428571428571","H10","Nickel.csv"
"767","0.1705","0.0393714285714286","H11","Nickel.csv"
"768","0.1825","0.0373714285714286","H12","Nickel.csv"
"769","0.171","0.0274285714285714","A1","Tebuconazole.csv"
"770","0.2165","0.0421142857142857","A2","Tebuconazole.csv"
"771","0.251","0.0501714285714286","A3","Tebuconazole.csv"
"772","0.2525","0.0473142857142857","A4","Tebuconazole.csv"
"773","0.2125","0.0453142857142857","A5","Tebuconazole.csv"
"774","0.212","0.0459428571428572","A6","Tebuconazole.csv"
"775","0.2035","0.0435428571428572","A7","Tebuconazole.csv"
"776","0.1915","0.0392","A8","Tebuconazole.csv"
"777","0.193","0.0373142857142857","A9","Tebuconazole.csv"
"778","0.057","0.00228571428571428","A10","Tebuconazole.csv"
"779","0.058","0.00228571428571428","A11","Tebuconazole.csv"
"780","0.0595","0.00297142857142856","A12","Tebuconazole.csv"
"781","0.1675","0.0181714285714286","B1","Tebuconazole.csv"
"782","0.2845","0.0293714285714286","B2","Tebuconazole.csv"
"783","0.3","0.0338285714285716","B3","Tebuconazole.csv"
"784","0.315","0.0306857142857143","B4","Tebuconazole.csv"
"785","0.3165","0.0285714285714286","B5","Tebuconazole.csv"
"786","0.3285","0.0306285714285714","B6","Tebuconazole.csv"
"787","0.314","0.0337714285714286","B7","Tebuconazole.csv"
"788","0.3155","0.0282857142857144","B8","Tebuconazole.csv"
"789","0.3115","0.0333142857142857","B9","Tebuconazole.csv"
"790","0.059","0.002","B10","Tebuconazole.csv"
"791","0.061","0.00291428571428571","B11","Tebuconazole.csv"
"792","0.06","0.00285714285714285","B12","Tebuconazole.csv"
"793","0.1175","0.0237142857142857","C1","Tebuconazole.csv"
"794","0.498","0.118628571428571","C2","Tebuconazole.csv"
"795","0.4875","0.112057142857143","C3","Tebuconazole.csv"
"796","0.4765","0.106457142857143","C4","Tebuconazole.csv"
"797","0.4775","0.0990285714285715","C5","Tebuconazole.csv"
"798","0.483","0.102228571428572","C6","Tebuconazole.csv"
"799","0.1885","0.0195428571428571","C7","Tebuconazole.csv"
"800","0.196","0.0182857142857143","C8","Tebuconazole.csv"
"801","0.1865","0.0129142857142857","C9","Tebuconazole.csv"
"802","0.064","0.00154285714285714","C10","Tebuconazole.csv"
"803","0.065","0.00177142857142857","C11","Tebuconazole.csv"
"804","0.0605","-5.71428571428683e-05","C12","Tebuconazole.csv"
"805","0.1935","0.0228","D1","Tebuconazole.csv"
"806","0.2835","0.0269714285714286","D2","Tebuconazole.csv"
"807","0.3085","0.0283428571428571","D3","Tebuconazole.csv"
"808","0.312","0.0281714285714286","D4","Tebuconazole.csv"
"809","0.319","0.0305714285714286","D5","Tebuconazole.csv"
"810","0.3265","0.0306857142857143","D6","Tebuconazole.csv"
"811","0.3135","0.0305142857142858","D7","Tebuconazole.csv"
"812","0.3125","0.0307428571428572","D8","Tebuconazole.csv"
"813","0.314","0.0307428571428572","D9","Tebuconazole.csv"
"814","0.058","0.00171428571428571","D10","Tebuconazole.csv"
"815","0.06","0.00285714285714284","D11","Tebuconazole.csv"
"816","0.057","0.00199999999999999","D12","Tebuconazole.csv"
"817","0.1125","0.0316","E1","Tebuconazole.csv"
"818","0.425","0.1124","E2","Tebuconazole.csv"
"819","0.4095","0.109885714285714","E3","Tebuconazole.csv"
"820","0.383","0.1444","E4","Tebuconazole.csv"
"821","0.4615","0.115371428571429","E5","Tebuconazole.csv"
"822","0.468","0.141428571428572","E6","Tebuconazole.csv"
"823","0.116","0.0382285714285715","E7","Tebuconazole.csv"
"824","0.141","0.0392571428571429","E8","Tebuconazole.csv"
"825","0.1005","0.0289142857142857","E9","Tebuconazole.csv"
"826","0.059","0.00114285714285714","E10","Tebuconazole.csv"
"827","0.06","0.00199999999999999","E11","Tebuconazole.csv"
"828","0.059","0.00211428571428571","E12","Tebuconazole.csv"
"829","0.046","0.000857142857142851","F1","Tebuconazole.csv"
"830","0.047","0.000857142857142851","F2","Tebuconazole.csv"
"831","0.047","0.00102857142857142","F3","Tebuconazole.csv"
"832","0.048","0.000857142857142851","F4","Tebuconazole.csv"
"833","0.049","0.00119999999999999","F5","Tebuconazole.csv"
"834","0.045","0.00131428571428572","F6","Tebuconazole.csv"
"835","0.047","0.00199999999999999","F7","Tebuconazole.csv"
"836","0.05","0.00331428571428571","F8","Tebuconazole.csv"
"837","0.0455","0.0012","F9","Tebuconazole.csv"
"838","0.046","0.000628571428571425","F10","Tebuconazole.csv"
"839","0.048","0.000799999999999995","F11","Tebuconazole.csv"
"840","0.047","0.000742857142857135","F12","Tebuconazole.csv"
"841","0.1775","0.0393142857142857","G1","Tebuconazole.csv"
"842","0.2025","0.0358285714285714","G2","Tebuconazole.csv"
"843","0.2225","0.0362285714285714","G3","Tebuconazole.csv"
"844","0.216","0.0342285714285714","G4","Tebuconazole.csv"
"845","0.2165","0.0379428571428571","G5","Tebuconazole.csv"
"846","0.218","0.0334857142857143","G6","Tebuconazole.csv"
"847","0.129","0.0142285714285714","G7","Tebuconazole.csv"
"848","0.1345","0.0148","G8","Tebuconazole.csv"
"849","0.1285","0.0146857142857142","G9","Tebuconazole.csv"
"850","0.068","0.00182857142857142","G10","Tebuconazole.csv"
"851","0.067","0.00194285714285714","G11","Tebuconazole.csv"
"852","0.066","0.00394285714285714","G12","Tebuconazole.csv"
"853","0.168","0.0389142857142857","H1","Tebuconazole.csv"
"854","0.179","0.0450285714285714","H2","Tebuconazole.csv"
"855","0.1665","0.0395428571428571","H3","Tebuconazole.csv"
"856","0.1785","0.0499428571428571","H4","Tebuconazole.csv"
"857","0.1725","0.0453142857142857","H5","Tebuconazole.csv"
"858","0.166","0.0425142857142857","H6","Tebuconazole.csv"
"859","0.1865","0.0591428571428572","H7","Tebuconazole.csv"
"860","0.194","0.0632571428571429","H8","Tebuconazole.csv"
"861","0.1885","0.0608","H9","Tebuconazole.csv"
"862","0.064","0.00102857142857141","H10","Tebuconazole.csv"
"863","0.0635","0.00125714285714286","H11","Tebuconazole.csv"
"864","0.063","0.00217142857142857","H12","Tebuconazole.csv"
